,0,1,2,3,4,5,6,7,8,9,10,11,12,13,14,15,16,17,18,19
0,12.5026911021,13.0838530939,13.088180577,13.0881657127,13.1502934811,12.4874537753,13.0375624835,13.0881839455,13.0880429969,13.0880790944,13.0881702259,13.0881851198,13.0881832024,13.0882021286,13.0881499897,13.0984932343,13.088169727,13.0881566429,13.0881521948,13.0881796285
1,12.463537534,13.0454590441,13.0513891526,13.0513684721,13.1466032318,12.5355522674,12.9677995551,13.051393422,13.0512351884,13.0512503372,13.0513702818,13.0513938106,13.051392694,13.0514361337,13.0583929535,13.0648682484,13.0513668226,13.0513567204,13.0513487083,13.0513870181
2,12.6501268081,13.1420544956,13.1472997394,13.1472852746,13.1772144092,12.627937141,13.1366083821,13.14730076,13.1471676979,13.1471992708,13.1472936872,13.1473031449,13.147300283,13.1473161028,13.1462299694,13.1538284549,13.1472841442,13.1472785281,13.1472788992,13.1472967439
3,12.5636132462,13.1015803663,13.1068865606,13.1068684015,13.1941390281,12.64855161,13.0779851071,13.106890355,13.1067381049,13.1067714238,13.1068742109,13.106889879,13.1068895188,13.1069244487,13.1130937508,13.119614976,13.1068729197,13.1068611072,13.1068485781,13.1068854101
4,12.0883288836,12.8607231962,12.8725817846,12.8725511441,12.9561692313,12.1496246576,12.8480929116,12.8725828528,12.8723550263,12.8723702579,12.8725609402,12.8725852565,12.8725822124,12.8726495143,12.8845783576,12.8838223819,12.8725313047,12.8725389356,12.8725415433,12.872572908
5,12.0077344197,12.645594998,12.6495543238,12.6495292511,12.8159822743,12.0064082917,12.3154450824,12.649564398,12.6494121707,12.6493549103,12.6495056366,12.6495680921,12.6495639295,12.6496207559,12.6541770367,12.6700280351,12.6495164741,12.6494940591,12.6495007153,12.6495537283
6,11.8366699001,12.5309746275,12.5260184355,12.5260157215,12.640781975,12.0406859098,12.0829733661,12.5260365838,12.525955355,12.5259327264,12.5259577295,12.5260373706,12.5260349655,12.5260480681,12.5213266476,12.5453790312,12.5260071789,12.5259676504,12.5260026895,12.5260269276
7,11.4734555287,11.9058000683,11.8998117077,11.8998081296,11.9891413485,10.8322068389,11.5978127901,11.8998200874,11.8998838112,11.8997430958,11.8997698995,11.8998273423,11.899821144,11.899822577,11.8898848177,11.9095183988,11.8998001559,11.8997718694,11.8997875981,11.8998162297
8,11.7261820132,11.8673275803,11.8609737429,11.8609708083,11.9437142969,10.6386601551,11.6417777656,11.8609801049,11.8610447091,11.8609372843,11.8609495628,11.8609858074,11.8609811655,11.8609704569,11.8499964513,11.8710410344,11.8609821203,11.8609474062,11.8609402852,11.8609799516
9,11.9222181061,11.7938773728,11.787802409,11.7877974997,11.8927887441,10.8577983885,11.5569816096,11.7878102907,11.7878422469,11.7877564581,11.7877776753,11.7878151753,11.7878109827,11.787801161,11.776891894,11.8012889388,11.7878150814,11.7877735737,11.7877613572,11.7878098048
10,11.9904579376,12.0796215929,12.0701542592,12.0701588079,12.110226156,10.5909950883,11.9009586987,12.0701580207,12.0702979903,12.0701827287,12.0701451447,12.0701638953,12.0701596609,12.0701241122,12.054025261,12.0759333373,12.0701826878,12.0701447635,12.0701259713,12.070162622
11,12.1620025654,12.0951025092,12.0846881255,12.0846953577,12.116725188,10.2592572367,11.9282219534,12.0846924803,12.0848340065,12.0847388276,12.0846826018,12.0846971085,12.0846938675,12.0846511308,12.0678846832,12.0907992101,12.0847254126,12.084683826,12.0846616991,12.0846980825
12,12.1992398361,12.3831680064,12.3706451161,12.3706554238,12.3966162719,10.6392724844,12.2161876424,12.3706478586,12.3708568346,12.3707221195,12.3706433556,12.3706535438,12.3706499871,12.3705998302,12.3519126956,12.3744601789,12.3706882479,12.3706463928,12.3706179579,12.3706557837
13,11.4726624917,12.2334136174,12.2213051532,12.2213153945,12.2488048859,9.79141237586,12.073296178,12.2213093512,12.2214820283,12.2213816559,12.2213035457,12.221313772,12.2213109191,12.2212590973,12.2025837211,12.2269971222,12.221351935,12.221306267,12.2212782231,12.2213167459
14,11.0316415514,12.3430238926,12.3305774273,12.3305885,12.3527996192,9.41852040074,12.191824791,12.3305814643,12.3307543917,12.3306638376,12.3305794439,12.3305856527,12.3305829901,12.330525676,12.3106038189,12.3363390422,12.3306297396,12.3305814825,12.3305497624,12.3305897147
15,11.2773371897,12.5526897616,12.5395658878,12.5395779146,12.5588258731,9.80786955785,12.4028379242,12.5395692055,12.5397641385,12.5396619958,12.5395702857,12.5395738034,12.5395709948,12.5395100575,12.5185929526,12.5445481647,12.539621173,12.5395723778,12.5395373956,12.5395784471
16,10.908931756,12.534329597,12.5207256022,12.5207384438,12.5422432819,9.53760362157,12.372021934,12.5207296642,12.5209267196,12.5208250309,12.5207281776,12.5207339902,12.5207313685,12.5206698707,12.4997405083,12.5261973578,12.5207818523,12.5207316091,12.5206978096,12.5207387608
17,11.1716847006,12.502646521,12.4894335216,12.4894462194,12.5122026705,9.65320176923,12.3508195353,12.4894384684,12.4896104113,12.4895325014,12.4894364448,12.4894418349,12.4894397876,12.4893779296,12.4687802579,12.4961250553,12.4894919372,12.4894396895,12.4894059386,12.4894471968
18,11.6536070572,12.9678758262,12.9538998114,12.9539127437,12.9735405636,10.7844592736,12.8139358037,12.953902192,12.9541354953,12.9540026884,12.9539039295,12.9539075786,12.9539044545,12.9538439541,12.9329604877,12.9574780048,12.9539540725,12.9539073577,12.953870975,12.9539121457
19,11.1450699437,12.9200765379,12.9060761563,12.9060895518,12.9270311454,10.4275435472,12.7586719394,12.906079975,12.9062928367,12.9061791972,12.9060782624,12.9060844965,12.9060818452,12.9060207556,12.8852815188,12.9109941126,12.9061320169,12.9060826225,12.9060485878,12.9060893078
20,11.5720940234,12.7571477863,12.7436902533,12.7437033262,12.7656904804,10.5439960232,12.6023394426,12.7436953829,12.7438703482,12.7437914741,12.7436928662,12.7436986995,12.743696702,12.7436341809,12.7229177588,12.7504604063,12.7437494369,12.7436965405,12.7436627203,12.7437041827
21,12.4345602554,12.833064348,12.8196326783,12.8196457004,12.8423504627,11.2995711677,12.6815258695,12.8196376331,12.819813752,12.8197346354,12.8196359264,12.8196409234,12.8196389758,12.8195765133,12.7989569293,12.826350378,12.8196921397,12.8196394623,12.819604829,12.8196465593
22,12.2210636292,13.043566438,13.0298981256,13.0299109814,13.0508842889,11.4079164459,12.8923348265,13.0299015054,13.030112259,13.0299992727,13.0299013944,13.0299060557,13.0299034085,13.0298432801,13.0094188047,13.0346136917,13.0299533859,13.0299050542,13.0298700228,13.0299109081
23,12.5237227235,13.0178461055,13.0049645934,13.0049765007,13.0220151529,11.5998081144,12.8790783876,13.0049682504,13.0051471776,13.0050620683,13.0049706719,13.0049722959,13.0049698156,13.004907108,12.9837981187,13.0106542413,13.0050227073,13.0049720109,13.0049354778,13.0049775604
24,12.0547665675,12.7000127652,12.687117624,12.6871302245,12.709690769,10.9462204366,12.5515701248,12.6871240592,12.6872616246,12.6872156797,12.6871203849,12.6871262559,12.6871248463,12.6870613228,12.6664092608,12.6957176708,12.6871796377,12.6871233193,12.6870898803,12.6871322667
25,12.4273715853,13.3535824253,13.3402888607,13.3403010705,13.3573560898,11.7611620875,13.2080338318,13.3402917964,13.3404961777,13.3403874725,13.3402940097,13.3402965921,13.3402937155,13.3402323173,13.3192703934,13.3448230729,13.3403445361,13.3402961192,13.3402599166,13.3403013685
26,12.061829964,13.1827978378,13.1695957596,13.1696084167,13.1935409954,11.293270524,13.0310907056,13.1696011648,13.1697673426,13.1696940112,13.1695978943,13.1696042221,13.1696023751,13.1695411554,13.1493377566,13.1768005334,13.1696545374,13.1696014428,13.1695678654,13.1696096896
27,12.4830134491,13.2189197704,13.2058033018,13.2058155981,13.2256452407,11.6737160203,13.0735603889,13.2058074116,13.2059883127,13.2059017364,13.2058077913,13.2058112657,13.2058089351,13.205747017,13.1850174218,13.211763311,13.2058611827,13.2058101544,13.2057746779,13.2058165228
28,12.6876111501,13.0790916075,13.0660113446,13.0660239333,13.0894274579,11.6812063163,12.9317816539,13.0660167772,13.0661755862,13.0661107903,13.0660148433,13.0660196141,13.066017898,13.0659553513,13.045482528,13.0735200051,13.0660718028,13.0660178029,13.0659830557,13.0660254395
29,12.8512260926,13.1794434154,13.1657279521,13.1657411762,13.1876480636,11.9597546703,13.0239055953,13.1657323404,13.1659241784,13.1658318316,13.1657315385,13.1657361389,13.1657339125,13.1656711034,13.1448178108,13.1717389614,13.1657869396,13.16573515,13.1656997462,13.1657416275
30,11.8516167906,12.8956553074,12.8826792717,12.88269168,12.9063162547,11.0780844276,12.7488556141,12.8826846265,12.8828493124,12.8827746699,12.8826805881,12.8826876681,12.8826858329,12.8826266467,12.8629636739,12.8896808636,12.8827360317,12.8826843793,12.882652175,12.8826928593
31,11.9663749512,12.9349074953,12.9223676455,12.9223793149,12.9415015918,11.1792727058,12.7991510618,12.9223721983,12.92253494,12.9224604235,12.9223712149,12.9223756008,12.922373497,12.9223138539,12.9023042559,12.9288061777,12.9224239785,12.9223734317,12.9223398363,12.9223806775
32,11.5871050867,12.8752236762,12.8622324796,12.8622450582,12.8871521504,10.9196614101,12.7264803546,12.8622384013,12.8623985943,12.8623268483,12.8622319816,12.8622411108,12.8622394876,12.8621818189,12.8430925595,12.8695982303,12.8622883844,12.862236705,12.8622063129,12.8622462196
33,11.5080335857,12.9931910275,12.9798036014,12.9798164296,13.0037447507,10.9497319516,12.8415849212,12.9798082775,12.9800014294,12.9798995159,12.9798028413,12.9798120052,12.9798098476,12.9797538512,12.9608189868,12.9854424281,12.9798562619,12.9798081849,12.9797776845,12.9798165496
34,11.465051654,12.8657684205,12.8529650711,12.852977463,12.8730510603,10.8305529453,12.7172377636,12.8529712999,12.8531144775,12.8530596934,12.8529664793,12.8529738229,12.8529721893,12.852910708,12.8326452189,12.8609940893,12.8530242478,12.8529697384,12.8529381048,12.8529792544
35,11.1100943412,12.6728811845,12.660938697,12.6609497763,12.68040854,10.352024445,12.5446215507,12.6609441522,12.6610800822,12.6610259354,12.6609412266,12.6609468002,12.6609450839,12.6608869621,12.6414866129,12.6684448721,12.6609947309,12.6609432447,12.6609115185,12.6609518851
36,10.1807764382,12.6788255614,12.6660774562,12.6660896864,12.6911163251,9.72259072672,12.5351535707,12.6660831065,12.6662489103,12.6661671516,12.666075153,12.6660860171,12.6660842927,12.6660306162,12.6479697914,12.6727869997,12.6661291743,12.6660805593,12.6660525327,12.6660904978
37,10.3267173129,12.5891400901,12.5768714343,12.5768831366,12.6018954268,9.78910342692,12.4520007703,12.5768777799,12.5770176146,12.5769583717,12.5768698733,12.5768800246,12.5768786299,12.5768240262,12.5586712595,12.5847408797,12.5769251692,12.5768743152,12.5768459718,12.5768848591
38,9.26206061,12.5677170483,12.5556655199,12.5556765819,12.5736668816,8.85888283163,12.438312072,12.5556701544,12.5558288942,12.5557503068,12.5556663559,12.5556735883,12.5556714285,12.5556166277,12.5368257376,12.5617159845,12.5557167809,12.5556692416,12.5556395532,12.5556778152
39,9.60296366729,12.7060986719,12.6938922064,12.6939032944,12.710611641,9.27276616556,12.5754342962,12.6938962131,12.6940687818,12.6939776696,12.6938934202,12.6939001653,12.6938977094,12.6938429882,12.6748850789,12.6991804549,12.693942495,12.693896222,12.6938659963,12.6939041682
40,10.1962203247,12.69529115,12.6831338772,12.6831450248,12.7007954114,9.6753967573,12.5658428771,12.6831382571,12.6833015893,12.6832204216,12.6831355477,12.6831418229,12.6831396034,12.6830839703,12.6640523982,12.6890099829,12.6831858323,12.6831382161,12.6831074507,12.6831461814
41,9.27140763399,12.6404093552,12.6273096771,12.6273222682,12.6522934824,8.94544369866,12.492661532,12.6273147097,12.62750414,12.6274002376,12.6273060057,12.6273182222,12.627316204,12.6272646613,12.6096285849,12.6328745901,12.6273583633,12.6273125285,12.6272856123,12.6273222105
42,7.72201333961,12.2781059114,12.2656298658,12.2656420403,12.29235516,7.54485246829,12.1348196863,12.2656365645,12.2657856358,12.2657153466,12.2656246993,12.2656388059,12.2656374576,12.2655864837,12.2484778858,12.273137174,12.2656799119,12.2656311903,12.2656066825,12.2656430716
43,6.72310503782,11.939907847,11.9278863377,11.927898097,11.9559169521,6.86916095767,11.8017968402,11.9278936058,11.928030797,11.9279653874,11.9278784264,11.927895436,11.9278943188,11.9278475817,11.9120393746,11.9356592373,11.9279328884,11.9278858002,11.9278649229,11.9278992219
44,6.96964803133,11.9242282851,11.912443684,11.9124551434,11.9397006049,6.98636755578,11.792278659,11.9124507351,11.9125855353,11.9125212482,11.9124362344,11.9124525524,11.9124514483,11.9124055055,11.896844231,11.920065546,11.9124895449,11.9124432994,11.9124223503,11.9124563101
45,8.15857190443,11.6039995034,11.5923471414,11.5923587366,11.6168899918,8.04796383186,11.4695939871,11.5923549122,11.5924743171,11.59242392,11.5923390793,11.5923563202,11.5923553855,11.5923083621,11.5764818105,11.60060572,11.5923939295,11.5923461827,11.5923268361,11.59236013
46,8.97584631404,11.6387768125,11.6271395972,11.6271509233,11.6529294596,8.67712799485,11.5116142,11.6271460095,11.6272934577,11.627214386,11.6271309429,11.6271482295,11.6271469233,11.6271044774,11.6124045119,11.6336224886,11.6271811318,11.6271387227,11.6271199214,11.6271513724
47,8.10786474854,11.5598610963,11.5484146994,11.5484260685,11.5769955289,7.98783966065,11.4313930211,11.5484225441,11.5485427049,11.5484884728,11.5484049053,11.5484237196,11.5484230024,11.5483800872,11.5339269933,11.5565873659,11.5484585766,11.5484129912,11.5483952656,11.5484273166
48,7.74951098193,11.257542112,11.2474033294,11.2474129151,11.2713611624,7.96298976899,11.1499465673,11.2474114492,11.2474895068,11.2474671958,11.2473959011,11.2474120746,11.2474114998,11.2473681375,11.2327038072,11.2566365523,11.2474481083,11.2474010827,11.247382817,11.2474157249
49,8.89491659901,11.2476530417,11.2365907426,11.2366017222,11.2643869754,8.90292596198,11.1251471872,11.2365984244,11.2367178796,11.2366595232,11.2365794453,11.2365996642,11.2365989011,11.2365595,11.2230480467,11.2442480369,11.2366307818,11.2365879905,11.2365729387,11.2366026949
50,8.21750963954,11.0041601353,10.993543308,10.9935539662,11.0234032884,8.42835099497,10.8830417172,10.9935529091,10.9936287725,10.99360902,10.9935312428,10.9935527544,10.993552727,10.9935119111,10.9799866996,11.0036778891,10.9935871706,10.9935393732,10.9935251006,10.9935564053
51,8.2786950241,11.0573919301,11.0469569395,11.0469672966,11.0681350589,8.44332647084,10.9371799643,11.0469662187,11.0470299397,11.0470242035,11.0469488243,11.0469663223,11.0469659771,11.0469190596,11.0313409545,11.0572565189,11.047005106,11.0469543869,11.0469371797,11.0469703219
52,8.78997074918,10.9318576104,10.920933879,10.9209449227,10.949160552,8.91757334632,10.809791458,10.9209416984,10.9210631654,10.9209996571,10.9209201865,10.9209428768,10.9209421698,10.9209062386,10.9084302939,10.9282095199,10.9209703359,10.9209299705,10.9209182374,10.92094541
53,8.85131564502,10.8902169441,10.8798454192,10.8798555804,10.9027648628,8.96166450862,10.7801396153,10.8798524754,10.8799657784,10.8799084396,10.8798348288,10.8798539513,10.8798529783,10.8798153765,10.8666220673,10.886773782,10.8798825187,10.8798424256,10.8798287081,10.8798564941
54,8.93126278317,11.0506947568,11.0393855433,11.0393970141,11.0668348981,9.05009189224,10.9229020895,11.039392939,11.0395304868,11.0394543159,11.0393719079,11.0393945499,11.0393936172,11.0393571001,11.0265918857,11.0460229563,11.0394217835,11.0393820722,11.0393698805,11.039396992
55,8.65583068584,11.0093012002,10.9991057261,10.9991154743,11.0194077468,8.8099945063,10.9023976709,10.9991123915,10.9992244983,10.999167409,10.9990964841,10.9991141381,10.999112952,10.9990743516,10.9854119997,11.0058263723,10.9991431694,10.9991030097,10.9990881715,10.9991166145
56,8.72511763201,10.8578957076,10.8478951426,10.8479046985,10.8663711413,8.8399360659,10.7545043355,10.8479016774,10.8480097972,10.8479558352,10.8478865155,10.8479034414,10.8479022099,10.8478633381,10.8340730308,10.8545202735,10.8479324825,10.8478925764,10.8478778012,10.8479058853
57,8.53177521627,10.7416699725,10.7309132183,10.7309242496,10.7593455868,8.64292687163,10.6183558281,10.7309219237,10.7310247579,10.7309777914,10.7308988761,10.7309225136,10.7309221035,10.7308854773,10.7183626411,10.7391904296,10.7309510704,10.7309086627,10.7308979294,10.73092524
58,8.26509123477,10.5925809077,10.5818948943,10.5819058644,10.6104653247,8.35257789006,10.4713400329,10.5819031081,10.5820177216,10.5819572888,10.5818793152,10.581904046,10.5819034641,10.5818698467,10.5701151354,10.5892554171,10.5819291085,10.5818898267,10.581880924,10.5819062413
59,8.30380722591,10.51670745,10.5062337113,10.5062444752,10.5352456281,8.36932662012,10.3984263907,10.5062423548,10.5063435453,10.5062950215,10.5062183613,10.5062428964,10.5062425266,10.5062084958,10.4944559648,10.5142566556,10.5062690525,10.5062285226,10.5062195212,10.5062453097
60,8.7435618314,10.8649210847,10.8543657795,10.8543758738,10.8723552147,8.88747414496,10.7551440214,10.8543711165,10.8545168061,10.8544289945,10.8543561989,10.8543739449,10.8543721672,10.8543352183,10.8407763872,10.8591206019,10.8543994083,10.8543634345,10.854349276,10.8543757444
61,8.01193628824,10.2741199781,10.2637749852,10.2637856179,10.2881582781,8.1778424713,10.1615022101,10.2637820179,10.2639103849,10.2638343808,10.2637596544,10.2637836151,10.2637826436,10.263751755,10.2525456658,10.2694905758,10.2638046772,10.2637700978,10.2637628191,10.2637851404
62,8.33514064719,10.4109165309,10.3998525819,10.3998640849,10.4258355824,8.53871437497,10.2877333379,10.399859271,10.4000132662,10.3999171059,10.399836235,10.3998613252,10.3998601787,10.3998294631,10.3886201539,10.4048208967,10.3998816397,10.3998480459,10.3998406604,10.3998627615
63,7.68036095916,10.0810559087,10.070829378,10.0708400657,10.095640468,7.9030638829,9.96913128257,10.070836639,10.070961493,10.0708875302,10.0708129999,10.0708380385,10.0708371909,10.0708076918,10.0600995802,10.0765789223,10.0708578409,10.0708240104,10.0708183832,10.0708394387
64,7.18993463966,9.88806907369,9.87795152448,9.87796223515,9.90270186625,7.44214473058,9.7764550789,9.87795889583,9.87808201898,9.87800832476,9.87793426326,9.87796022409,9.87795941384,9.87793108538,9.86759264676,9.8836011421,9.87797865936,9.87794569521,9.87794161363,9.87796143232
65,7.69180186104,10.1248840767,10.1147195144,10.1147299197,10.1360996001,7.9248901537,10.0162619003,10.1147258154,10.1148627261,10.1147770776,10.1147044786,10.1147278861,10.1147266181,10.1146969226,10.1036375452,10.1194488622,10.1147467468,10.1147147082,10.1147081786,10.1147289854
66,7.01149533362,9.73700075453,9.7269692707,9.72698016696,9.75398623338,7.2850921382,9.62350203061,9.72697787436,9.72707863089,9.72702637705,9.72695119403,9.7269782908,9.72697800585,9.72694880626,9.7167042366,9.73406910623,9.72699884349,9.7269629642,9.72695963493,9.72697997615
67,7.12505635709,9.70388486949,9.69379243706,9.69380332984,9.71858991508,7.38014142112,9.59208398983,9.69379989223,9.69392328168,9.69384922777,9.69377444847,9.6938011199,9.69380038444,9.69377299316,9.68378670753,9.69931066887,9.69381857525,9.69378644861,9.69378366206,9.69380224433
68,6.31674162034,9.43559104962,9.42596648639,9.42597701315,9.45127296332,6.52515591663,9.32832881554,9.42597473882,9.42607495688,9.42601961255,9.4259478212,9.42597528837,9.42597490529,9.42594823131,9.416374718,9.43242754705,9.42599285443,9.425959674,9.42595840764,9.42597650692
69,6.1208285114,9.40622189709,9.39708361373,9.39709344967,9.42112408301,6.32502031928,9.30699166766,9.39709216072,9.39717167682,9.39713377474,9.39706635523,9.3970923231,9.39709210091,9.39706436124,9.38722875694,9.40434099707,9.39711172494,9.39707684457,9.39707448335,9.39709380838
70,6.20006837431,9.18729868437,9.17764541431,9.17765630792,9.20230234904,6.34640442239,9.07764026076,9.17765380074,9.17775491256,9.17769933933,9.17762588977,9.17765423341,9.17765393288,9.1776279227,9.16835314036,9.1839260971,9.17767084607,9.17763850481,9.17763891414,9.17765537629
71,5.88332280455,8.99794389175,8.98873708267,8.98874754345,9.01429469091,6.03471058723,8.89349006604,8.98874648392,8.9888181914,8.98878842716,8.98871778948,8.9887460395,8.98874620352,8.98871942202,8.97948129432,8.99650502616,8.98876488219,8.98872973746,8.98873012368,8.98874762232
72,5.86688739458,9.1410292996,9.13156872495,9.13157941058,9.15551333975,6.04802793045,9.03212854882,9.13157766746,9.13166299422,9.13162160265,9.13154951919,9.13157768327,9.13157758375,9.131550474,9.12205688944,9.13867218846,9.13159591167,9.13156160927,9.13156173878,9.13157907543
73,6.13565824979,9.14192243967,9.13203179436,9.13204307606,9.1516787035,6.273122111,9.02739659538,9.13203937931,9.13215785266,9.13208832647,9.1320130185,9.13204048411,9.13203977235,9.13201267229,9.12219225835,9.13712504396,9.13205629553,9.13202562247,9.13202609882,9.13204135607
74,5.86825192598,8.95414741328,8.94502149714,8.94503186962,8.96573396512,6.00608053945,8.85287631388,8.94502945946,8.94512514674,8.94507205469,8.9450026625,8.94502993072,8.94502958182,8.94500497511,8.93613238474,8.95081494925,8.94504504687,8.94501470814,8.94501593185,8.94503086171
75,6.01646299416,8.92842153678,8.91999964813,8.92000891391,8.92735825199,6.16271325394,8.84226983103,8.92000563477,8.92010411434,8.92004793165,8.91998643719,8.92000717692,8.9200060505,8.91997814074,8.9096029882,8.92413589508,8.92002321008,8.91999499908,8.91999304967,8.9200078844
76,6.65308084875,9.13946787367,9.13033462141,9.13034476973,9.14389147071,6.71961986498,9.04218110174,9.13034066095,9.13046321164,9.13038730576,9.13031894105,9.13034226597,9.13034127935,9.13031602006,9.12090331278,9.13410456205,9.13035669476,9.13032981497,9.13032839228,9.13034297161
77,5.65827903251,8.80340194129,8.79531106294,8.7953209762,8.79250192055,5.83573446177,8.71516515107,8.79531732671,8.79541352359,8.79536352583,8.79529678472,8.79531761452,8.79531755124,8.79529519317,8.78777679258,8.79912818797,8.79533270438,8.79530791377,8.79530750589,8.79531912067
78,5.90354838854,8.8494802237,8.84164730611,8.84165744051,8.82242924249,6.09470514233,8.76805189054,8.8416513937,8.84177338775,8.84170669961,8.84163750789,8.84165217467,8.84165203636,8.84163043325,8.83478025798,8.84284888885,8.84166757896,8.84164827149,8.84164486892,8.84165417356
79,5.71533363259,8.61758221527,8.60916534528,8.60917794139,8.56014756938,5.99463633912,8.54164904309,8.60916806026,8.60932129454,8.6092394004,8.60915776853,8.6091695879,8.6091690231,8.60914256363,8.60108396122,8.60714805848,8.60918505041,8.60916996949,8.60916964864,8.60917163441
80,5.14056417194,8.29036213945,8.28169452174,8.28171007499,8.19401933227,5.39638161692,8.22783616422,8.28169659611,8.28185621521,8.281787681,8.28169071428,8.28169766333,8.28169745282,8.28166459743,8.27292269465,8.27719394458,8.28171676211,8.28170453574,8.28170748035,8.28170077303
81,5.07324967258,8.09905263573,8.09097056694,8.09098700475,7.98861326471,5.33847842799,8.05532708799,8.09096986111,8.09114561122,8.09107898983,8.09097592141,8.09097092869,8.09097099128,8.09093492891,8.08257767776,8.0832147114,8.0909947029,8.0909885392,8.09098698908,8.0909755785
82,4.97135062417,8.12451011873,8.11579304579,8.11580939581,8.02904895444,5.23593199755,8.06690701497,8.1157930409,8.11598293687,8.11589557072,8.11579319137,8.11579467291,8.11579433151,8.11576129199,8.10753088375,8.10864418845,8.11581396973,8.11580724005,8.11580835194,8.11579821551
83,5.02605496677,8.23037986087,8.22144093276,8.22145589221,8.15688823469,5.28513171658,8.15416772449,8.22144249674,8.22162050961,8.22153028365,8.22143587672,8.22144427492,8.22144366954,8.22141339025,8.21301039678,8.21680460642,8.22146082974,8.22144970009,8.22145154602,8.2214468021
84,4.58630710859,7.88704532616,7.87784361089,7.87785961834,7.808665947,4.84533678285,7.81587826384,7.87784206931,7.87806459732,7.87795295647,7.87784758057,7.87784421593,7.87784386401,7.87781110139,7.86974187974,7.87014369154,7.87786712836,7.87786083504,7.87785323836,7.87784868707
85,4.45868138913,7.74514802507,7.73592386457,7.73594044504,7.66100477588,4.69858988295,7.67628446934,7.73592252982,7.73614377011,7.73603747304,7.73592799823,7.73592413597,7.73592422287,7.73589187998,7.72841008662,7.72823900028,7.73594817011,7.73594219309,7.73593465736,7.73592914258
86,4.4002890691,7.60903815164,7.59944590319,7.59946282189,7.52251505398,4.6171282359,7.5343113024,7.5994450776,7.59966412706,7.59956381514,7.59945061988,7.59944631788,7.59944668182,7.59941227867,7.59141972141,7.59265349208,7.59947385744,7.59946486908,7.59945480427,7.59945199094
87,4.56265951056,7.68513483603,7.67526245382,7.6752793323,7.59740006445,4.80773893722,7.61300607674,7.67526031867,7.67551176074,7.67537767438,7.67526601528,7.67526304698,7.67526245353,7.67522951639,7.66677511831,7.66649591252,7.67528545403,7.67528043935,7.67527215635,7.67526746267
88,4.38097601899,7.34536928381,7.33584953724,7.33586766129,7.23252118851,4.55623164552,7.28471911003,7.33584904306,7.33605707354,7.33597619078,7.33585622504,7.33584952971,7.3358503842,7.3358123575,7.32723111087,7.32887350703,7.33588083004,7.33587095242,7.33586139156,7.33585612442
89,4.53537357405,7.29567161351,7.28428658958,7.28430588452,7.18590156231,4.72498405084,7.20972001854,7.28428574863,7.28453642499,7.2844300037,7.28429577875,7.28428650599,7.28428754765,7.28424526249,7.27444057678,7.27779534802,7.28432609873,7.28431112202,7.28429085704,7.28429473431
90,4.31496197039,6.92479556116,6.90844041757,6.90846078421,6.85979461825,4.46253312034,6.87739252298,6.90844470304,6.90867307713,6.90864626336,6.90846771561,6.90843917364,6.90844558996,6.90838135632,6.89616488457,6.9157342919,6.90853918055,6.90847994091,6.90840044274,6.90846011337
91,4.49847163483,6.76767161828,6.74578215057,6.74580005671,6.77382334755,4.64907325429,6.74903559854,6.74579005682,6.74608301287,6.74600731425,6.7458099624,6.74578318921,6.74579159913,6.74572533802,6.73250359304,6.76403870358,6.74591369561,6.74582113119,6.7456943024,6.74580991336
92,4.37985924748,6.46230645546,6.43748471361,6.43749753645,6.52665608623,4.49040793736,6.44261723663,6.43750139729,6.43769918073,6.43771439432,6.43751517125,6.43748851167,6.43750139495,6.43742912854,6.42361377205,6.47391298524,6.43766155988,6.43752117052,6.43734628173,6.43752341901
93,4.28436014343,6.41034013564,6.38411888795,6.38413097818,6.49569902041,4.39466018714,6.37025365554,6.38413960498,6.38430407317,6.3843501156,6.38414643441,6.38412467559,6.38413895102,6.38406395489,6.36966159013,6.42688546118,6.38430991977,6.38415236885,6.38396628957,6.38416173067
94,4.5195000799,6.59163168326,6.56462784602,6.56463945856,6.71143965797,4.63847010498,6.54903181562,6.56464365767,6.56493336539,6.56484850668,6.56464979991,6.56463343054,6.56464497637,6.56458290297,6.55188161719,6.60125706674,6.56479777725,6.56465818128,6.56447781064,6.56466632681
95,4.30311772243,6.31733912288,6.28925607576,6.28926255206,6.47053705225,4.40226824613,6.24809339273,6.28928100776,6.28943438075,6.28947133808,6.28927848487,6.28926390027,6.28928022343,6.28921677166,6.2779480975,6.34226780264,6.28946297854,6.28928264307,6.28906663364,6.2893039007
96,4.40091139599,6.34443937324,6.31814885274,6.31815082559,6.50135716045,4.48632118289,6.26182537914,6.31817260512,6.31831709258,6.31833122181,6.31816777692,6.31815686666,6.31817212994,6.3181210241,6.30893275897,6.37043638051,6.31834316652,6.31816907554,6.31795563619,6.31819413142
97,3.80151779179,6.10694968601,6.08902244112,6.08901582806,6.26640327716,3.89465332244,6.0753525363,6.08904470756,6.08903830513,6.08912823424,6.08903749547,6.08902827794,6.08904301936,6.08901868295,6.08762985347,6.13827248611,6.08918207226,6.08903278089,6.0888479986,6.08905986821
98,3.70177037793,6.07023083464,6.0562595381,6.05625278266,6.20740771375,3.80843986346,6.057162551,6.05627743244,6.05626468644,6.05633717086,6.05627114925,6.05626389935,6.05627604652,6.05626152806,6.05675829815,6.09648040874,6.05638615352,6.05626687193,6.05611634385,6.05628931142
99,3.53290741277,6.02995557659,6.01955814011,6.01955130866,6.1507739194,3.64848672125,6.05493918256,6.01957189157,6.01954661376,6.01961691619,6.01957074235,6.01956051155,6.01957068903,6.01956141854,6.02117205761,6.05239080741,6.01966030908,6.01956558457,6.01944078684,6.01958157922
100,3.66590860977,6.04722878133,6.03866858149,6.03866171278,6.15282670958,3.77233666115,6.06924084997,6.03867931257,6.03867071959,6.03871436318,6.03867958694,6.03866986149,6.03867855496,6.03867604211,6.04166306984,6.06599547605,6.03875224989,6.03867506862,6.03856667533,6.03868766164
101,3.72123376637,6.16122429509,6.15323049972,6.15322472089,6.24779328508,3.81957839192,6.18034419333,6.15323965942,6.15324968911,6.15327091473,6.15323893151,6.15323202495,6.15323923546,6.15323699124,6.15534773143,6.17635404406,6.15330273592,6.15323541094,6.15314068879,6.15324714972
102,3.69060899143,6.02369990339,6.01923971389,6.01923933825,6.06956909014,3.78789692238,6.01679681582,6.0192439173,6.01928000847,6.01926421225,6.01923828251,6.01924063759,6.01924392894,6.01924696352,6.02157607122,6.02838477896,6.0192661194,6.01924132203,6.01920654497,6.01924671273
103,3.36634524266,5.95756892311,5.95360454317,5.95360801606,5.9701508193,3.482390391,5.93451893306,5.95360880479,5.95364044619,5.95362369211,5.95359540119,5.95360789162,5.95360868367,5.95360339805,5.95162564113,5.95768811645,5.95361614891,5.95360115391,5.95359728725,5.95360920049
104,3.36656152576,5.86562195522,5.86028495822,5.86029279401,5.87190583336,3.49656614461,5.80849588323,5.86029092245,5.86034444326,5.86031345336,5.86026636434,5.8602903657,5.86029070072,5.86028312246,5.85743707941,5.86289395925,5.86029062301,5.86027846467,5.86029178606,5.86028993691
105,3.50725233837,5.93376767424,5.92767920651,5.927688957,5.93118905286,3.57735448977,5.87113642082,5.92768320262,5.92779557916,5.9277128451,5.9276579465,5.92768457801,5.92768374062,5.92767790417,5.92478570854,5.92610750026,5.92767596298,5.92767287565,5.92769364482,5.92768241228
106,3.3967081552,5.87860440575,5.8733093231,5.87331780878,5.87011384025,3.45385132493,5.8323701985,5.87331305835,5.87339936241,5.87333829238,5.8732919256,5.87331443382,5.87331341103,5.87330400182,5.86910881244,5.87225310673,5.87330886965,5.8733036122,5.87332176012,5.8733124669
107,3.46935931023,5.77041689638,5.76426673794,5.76427663942,5.76934003305,3.55108799668,5.70983337283,5.76427133753,5.76437682199,5.76430000543,5.76424435726,5.76427239928,5.76427173374,5.76426601176,5.76150806022,5.76325744321,5.76426390615,5.76425974781,5.76428147922,5.76427027441
108,3.48953051174,5.85658057349,5.85011662078,5.85012722147,5.85397167905,3.57292618917,5.788421645,5.85012121893,5.85023513974,5.85015313933,5.85009363835,5.8501224061,5.85012167721,5.85011522728,5.84717020147,5.84872291856,5.85011360152,5.85010985254,5.85013274049,5.85012022214
109,3.44512499082,5.69514360513,5.68857970124,5.68859084895,5.68902070181,3.50303019441,5.62646678526,5.6885830761,5.68872265498,5.68861810831,5.68855652522,5.68858504142,5.6885838939,5.68857922164,5.68605742408,5.6851297462,5.68857237643,5.68857367894,5.68859890745,5.6885822518
110,3.52974414511,5.49943951072,5.49344680599,5.49345676844,5.49649833383,3.60594939804,5.44203540203,5.493451043,5.4935585977,5.4934800116,5.49342476339,5.49345222531,5.49345148497,5.49344617945,5.49084825569,5.49185134333,5.4934426725,5.49344019061,5.49346293853,5.49344995223
111,3.6316471056,5.57011360432,5.56389162973,5.56390209567,5.5649750001,3.69551855579,5.50880370681,5.56389506544,5.5640238341,5.56392696681,5.56386920789,5.56389684689,5.56389579147,5.56389148499,5.56148755715,5.56090653736,5.56388482259,5.56388545995,5.56390954711,5.56389416739
112,3.43224607633,5.62789282735,5.62184368891,5.62185403317,5.62199752728,3.49173504504,5.56877746519,5.62184715926,5.62197089226,5.62187807555,5.62182143298,5.62184884832,5.62184782806,5.62184359853,5.61948284948,5.61890542202,5.62183672361,5.62183749744,5.62186197625,5.62184615902
113,3.6240443163,5.46040188626,5.45414458695,5.45415547867,5.45045538832,3.71732110073,5.39554665979,5.45414781794,5.45427655946,5.45418283713,5.45412337962,5.45414972606,5.45414854187,5.45414170605,5.45099684354,5.45077636099,5.45413877023,5.45413931321,5.45416371839,5.45414713031
114,3.77048919133,5.43178561931,5.42571101047,5.42572162909,5.4225994833,3.87078346543,5.37340291325,5.42571327583,5.42585857578,5.42574672609,5.42568926323,5.42571570173,5.42571427398,5.42571120964,5.42357212374,5.42100278807,5.42570074754,5.42570567833,5.42573129277,5.42571254373
115,4.01033886898,5.3336880038,5.32730576862,5.32731732702,5.3200929855,4.17170126451,5.26975486668,5.32730647603,5.32748904789,5.32734557353,5.32728363373,5.32730992907,5.32730797668,5.32730691425,5.32566811448,5.3199324216,5.32729035839,5.32730155619,5.32732990311,5.32730606972
116,3.92472386532,5.11141676825,5.10536631833,5.10537786367,5.09685584547,4.14563674073,5.05003462903,5.10536729505,5.10553708105,5.10540547988,5.10534438864,5.10537033099,5.1053686069,5.10536762421,5.10398802181,5.09823564004,5.10535094662,5.10536227951,5.10539182116,5.10536661007
117,3.96624017865,4.96345834195,4.95876545429,4.95877480713,4.94060397189,4.14881073333,4.92880397494,4.95876516222,4.95890852032,4.95879642014,4.95874970463,4.95876857428,4.95876641906,4.95876257349,4.95613278511,4.95141275133,4.9587515559,4.95876279531,4.9587882479,4.9587648974
118,4.02306117917,4.89297349714,4.88731367848,4.8873249597,4.87636566023,4.23576859052,4.8385420841,4.88731396242,4.88748582191,4.88735118778,4.88729258135,4.8873172035,4.88731535848,4.88731570819,4.88635094452,4.87931204354,4.88729604933,4.88731017272,4.88734058471,4.8873132488
119,4.15286191169,4.90969519614,4.9047843421,4.90479442464,4.88318948804,4.32799084644,4.87114541599,4.9047827299,4.90495644387,4.90481846455,4.90476836009,4.90478699394,4.90478439917,4.90478226691,4.90258175695,4.89520997361,4.90476611762,4.90478263021,4.90481032077,4.90478273094
120,3.92955661122,4.65061783018,4.64497493846,4.64498677475,4.63079812833,4.14611259914,4.59377570621,4.64497483453,4.64515257918,4.64501492124,4.64495410325,4.64497821493,4.64497628958,4.64497636422,4.64404628334,4.63611016525,4.64495603518,4.64497220584,4.64500445055,4.64497414321
121,4.03043905437,4.77412866635,4.76845146581,4.76846327865,4.75228290064,4.25171024234,4.71912225847,4.76845028375,4.76864800606,4.7684913605,4.76843097972,4.76845439086,4.76845206433,4.76845356342,4.76772299317,4.75815836117,4.76842967133,4.76844917073,4.76848166585,4.76844986004
122,4.25237182757,4.76667217412,4.76068914368,4.7607013785,4.74405596962,4.44706325358,4.70563699732,4.76068803163,4.76089059076,4.76073194917,4.76066875509,4.76069221578,4.76068984625,4.76068986072,4.75952202791,4.75040407131,4.76066853209,4.76068716016,4.76071921997,4.76068781057
123,3.95685495928,4.5125863482,4.50732948548,4.50734083889,4.48958900146,4.14773743485,4.46461921686,4.50732837158,4.50751112783,4.50736744847,4.50731032762,4.50733223896,4.50732999535,4.50733056601,4.50638018937,4.49740720128,4.50730866705,4.50732746317,4.50735950562,4.50732787296
124,4.20611960507,4.50984161919,4.50406561849,4.50407785029,4.48558600276,4.37721447715,4.45378262173,4.50406368993,4.50427561155,4.50410796254,4.50404567954,4.50406824802,4.50406566953,4.50406707895,4.50328509473,4.49262184153,4.50404226731,4.50406418583,4.50409748556,4.50406350788
125,4.35031613025,4.4652587695,4.45931416417,4.45932674345,4.43824260651,4.49322074818,4.40627268462,4.45931161029,4.45953653988,4.45935907269,4.45929494297,4.45931660157,4.45931377722,4.45931447249,4.45825387037,4.44697739931,4.45929018929,4.45931352589,4.45934679099,4.45931174666
126,4.01363542692,4.42319341757,4.4172454703,4.41725828023,4.39513917546,4.17445223904,4.36461039066,4.4172423309,4.41747953446,4.41729076891,4.41722588992,4.4172476711,4.41724466766,4.41724681943,4.41658086381,4.40389268868,4.41721892509,4.41724506776,4.4172798025,4.41724247435
127,3.84182226245,4.1733827876,4.16793818929,4.16794976832,4.14787452126,3.91127773363,4.12682917476,4.16793549487,4.16814754409,4.16797901326,4.16792051744,4.16794034078,4.16793757825,4.16793864466,4.166965705,4.15606205169,4.16791484736,4.16793763528,4.16796893602,4.16793563473
128,3.45658045728,4.23974954284,4.23385468414,4.23386769791,4.20863581876,3.55648763573,4.18262781932,4.23385071847,4.23409927692,4.23390127243,4.23383597983,4.2338565147,4.23385324103,4.2338554209,4.23314120477,4.21933217809,4.23382640112,4.23385513691,4.23389059604,4.2338510753
129,3.22286764763,4.16674757153,4.16057606406,4.16058963129,4.13311676424,3.27008661407,4.10544213066,4.16057132979,4.16083910804,4.16062600545,4.16055769835,4.16057768444,4.16057411105,4.16057601026,4.15970179878,4.14483912788,4.16054638676,4.16057734796,4.16061330994,4.16057202641
130,3.05985626597,4.12980636301,4.12425215425,4.12426468244,4.08757463725,3.03017819609,4.08417081589,4.12424518318,4.12452613889,4.12429934293,4.12423838642,4.12425278685,4.12424838465,4.12424916916,4.12253872321,4.10639070661,4.12422034846,4.12425530658,4.12428893341,4.12424665184
131,2.55411400659,3.95612332539,3.95008104321,3.95009456475,3.91709493804,2.49474619949,3.89652882817,3.95007583776,3.95033974442,3.95013297966,3.95006550708,3.95008243449,3.95007863281,3.95007682532,3.94801805201,3.93407014868,3.95005354093,3.95008366653,3.95011803156,3.95007698767
132,2.65744645236,4.04899920834,4.04277194848,4.04278597067,4.01008048046,2.61366133284,3.98820195726,4.04276562752,4.04306082952,4.04282433096,4.0427545941,4.04277298792,4.04276883534,4.04277132264,4.04187035455,4.0247100033,4.04273846979,4.04277453578,4.04281194929,4.04276674278
133,2.42809505077,3.67249889131,3.66682455935,3.66683882422,3.62490113172,2.25255815401,3.61998295025,3.66681557545,3.66714163713,3.66687845689,3.66680969055,3.666824078,3.66681931527,3.6668246744,3.66684403037,3.64503560669,3.66678394502,3.66682977781,3.66686999159,3.66681708093
134,2.44677825372,3.537551091,3.53163403235,3.53164905855,3.48677013527,2.26447146086,3.47737446827,3.53162508848,3.53195356437,3.53169244676,3.53161965743,3.53163359918,3.5316288103,3.53163172108,3.53103581068,3.50961878692,3.53159467273,3.53164005711,3.53168091544,3.53162677006
135,2.33130661437,3.52466332744,3.51932870111,3.51934242264,3.47739132223,2.13694338727,3.47903274447,3.51931961107,3.51963704405,3.51938061053,3.51931496538,3.51932796933,3.51932328211,3.5193287677,3.51944809536,3.49776560963,3.51928853057,3.5193341887,3.51937331944,3.51932112034
136,2.49322467232,3.50756175894,3.50184516846,3.50185975657,3.45783869451,2.29960850078,3.45487260955,3.50183529899,3.5021769928,3.50190132091,3.50183100734,3.50184424796,3.50183926403,3.50184516592,3.50205567838,3.47878898836,3.50180263392,3.5018514098,3.50189215993,3.50183706631
137,2.45508919756,3.3887958145,3.38326803407,3.38328272649,3.33849592933,2.26935339078,3.33629912935,3.38325853566,3.38358956547,3.38332386649,3.38325368093,3.38326714108,3.38326233305,3.38326797948,3.3835560064,3.36052249529,3.38322572747,3.38327419145,3.38331621562,3.38326004139
138,2.41245497263,3.27377144808,3.26843945577,3.26845384671,3.2235939944,2.22474372521,3.22510593146,3.26842996425,3.26875427441,3.26849432257,3.26842586517,3.26843844453,3.2684336988,3.26843905985,3.26869061581,3.24593268313,3.26839778794,3.26844580253,3.26848709748,3.26843147923
139,2.50202906896,3.31946231909,3.31394060259,3.31395518047,3.26743734563,2.30506521598,3.26890369354,3.31393045388,3.31426896227,3.31399751257,3.31392775371,3.31393940619,3.31393440035,3.31393934299,3.31395668894,3.29062417084,3.31389840484,3.31394764307,3.31398823105,3.31393233627
140,2.69275255421,3.30333387406,3.29762644288,3.29764172676,3.2473186701,2.49080606319,3.24999136186,3.29761489176,3.29798409922,3.29768623628,3.29761345092,3.29762476474,3.2976192674,3.29762583969,3.2979948839,3.27197667344,3.29757967698,3.29763443031,3.29767744882,3.29761704219
141,2.82761075463,3.31465877636,3.30941610834,3.30943069725,3.25017091222,2.60332431829,3.2724365085,3.30940263016,3.30978416348,3.30947469363,3.30940718751,3.30941359413,3.30940736465,3.30941236906,3.30889820711,3.28185880041,3.30936779724,3.30942590713,3.30946708512,3.30940549492
142,2.60903096746,3.21670373935,3.21140902764,3.21142372322,3.16108985276,2.40791257878,3.16989334221,3.2113977778,3.21174993204,3.21146598078,3.21139682735,3.21140727218,3.21140195716,3.21140832314,3.21179804484,3.18645974947,3.21136332464,3.21141689096,3.21145924103,3.21139975336
143,2.73603149484,3.14618249736,3.14080504716,3.14082018686,3.08669720363,2.52112129983,3.09825469749,3.14079266148,3.14116548388,3.14086457114,3.14079360171,3.14080284651,3.1407971501,3.14080384062,3.14120788807,3.11415764701,3.14075675227,3.14081401312,3.14085739539,3.14079496432
144,2.75826977383,3.07692473311,3.07135634706,3.07137201255,3.01718185582,2.53943681973,3.02413888865,3.0713439626,3.07172278196,3.071418251,3.07134433183,3.07135415977,3.07134847946,3.071355199,3.07187191027,3.04440467951,3.0713075733,3.07136552735,3.07140999671,3.07134625603
145,2.79052847282,3.03022820675,3.02486231507,3.02487757213,2.96978388241,2.56640931038,2.98309274746,3.02484940288,3.02523030077,3.0249230157,3.02485145923,3.02485981647,3.02485401368,3.02486104598,3.02540636721,2.99752824866,3.02481303794,3.02487194648,3.02491539008,3.02485186967
146,2.76330424177,3.09098387725,3.08575426057,3.08576929413,3.03042832452,2.54353096737,3.04550567496,3.08574153891,3.08611568807,3.08581351807,3.0857434275,3.08575182381,3.08574606719,3.08575302629,3.08625571709,3.05873087012,3.08570530678,3.08576361383,3.08580703419,3.0857438924
147,2.75404086322,3.05975331716,3.05423226495,3.05424818128,2.99577314301,2.52701025496,3.00324486913,3.05422004295,3.05458994811,3.0542963308,3.05422156278,3.05423010653,3.05422443614,3.05422813156,3.05391063774,3.02748785238,3.05418565933,3.0542421369,3.05428642438,3.05422246138
148,3.14080390586,3.13424244903,3.12879697932,3.12881300863,3.06532838993,2.88799435459,3.08426115767,3.12878159925,3.12920733594,3.12886152047,3.12878718741,3.12879350163,3.12878688341,3.12879595138,3.12973359847,3.09772954839,3.12874103886,3.12880858282,3.12885471198,3.12878463215
149,3.11336493526,2.93938598596,2.9342630979,2.93427884592,2.87120589531,2.85496666314,2.89440050343,2.93424779205,2.93466336887,2.93432661219,2.93425402921,2.93425937596,2.93425295248,2.93426229968,2.93549278207,2.90346682819,2.93420749907,2.93427502627,2.934320942,2.93425071268
150,3.18079109458,3.06343779585,3.05837322042,3.05838885288,2.99319477484,2.92255041353,3.01942766756,3.0583574623,3.05877857852,3.05843624241,3.05836464932,3.05836935843,3.05836273672,3.05837219164,3.05949526245,3.02703505958,3.05831674244,3.05838535648,3.05843118577,3.05836051109
151,3.14905519356,3.08933237907,3.08420867174,3.08422445331,3.02056226685,2.89711562496,3.04260717425,3.08419338397,3.0846101978,3.0842716751,3.08419911184,3.08420500099,3.08419855427,3.08420840649,3.08554703348,3.05330777272,3.08415241672,3.08422033481,3.08426688083,3.08419621703
152,3.19022727304,2.98018209535,2.97582498698,2.97583965168,2.90278782578,2.91016143971,2.94908143418,2.97580821726,2.97621866483,2.97588536062,2.97582063775,2.97582051022,2.97581351904,2.97582020444,2.97589238144,2.94391813104,2.9757694993,2.97583853686,2.97588214736,2.97581168901
153,3.47309448888,3.06965200157,3.06381035084,3.06382730122,2.99674559649,3.19210558853,3.01431589172,3.06379298746,3.06426300307,3.0638808741,3.06380135786,3.06380607606,3.06379888337,3.06380951734,3.06517289416,3.02980786024,3.06374989996,3.06382395244,3.06387103648,3.06379670169
154,3.12064866711,2.80350407455,2.79840247119,2.79841858925,2.7339841255,2.85226914348,2.75545244178,2.79838729848,2.79879907086,2.79846801952,2.79839369365,2.79839867953,2.79839236974,2.79840080257,2.79955761581,2.76760951243,2.79834745157,2.79841490948,2.79846155723,2.79839018544
155,3.5861040317,2.81782580516,2.81223571058,2.81225294697,2.73834398266,3.26303899555,2.76665641085,2.81221674486,2.81270445952,2.8123081906,2.81222875979,2.81223063722,2.81222295599,2.81223351411,2.81350669776,2.77600942532,2.81217196248,2.81225108079,2.81229967608,2.81222082623
156,3.62802323362,2.7891242954,2.78389732414,2.78391391696,2.70549673041,3.28767509447,2.74688958735,2.78387742716,2.78436556179,2.78396831621,2.78389313174,2.78389179039,2.78388376702,2.78389298998,2.78454999631,2.7469986504,2.78383367595,2.78391370068,2.7839604231,2.7838819126
157,3.47706101872,2.7659298878,2.76037182639,2.76038902979,2.68911581811,3.16389154145,2.71368819384,2.76035379931,2.76082571402,2.76044366995,2.7603641187,2.76036706844,2.76035974261,2.76036991325,2.76171337932,2.7253479402,2.76030994971,2.76038656363,2.76043519064,2.76035757371
158,3.78964424679,2.96303081915,2.95745324595,2.95747012297,2.87595919173,3.44316357929,2.91725857554,2.95743220956,2.95794711211,2.95752652423,2.95744963058,2.95744752893,2.95743895806,2.95744801108,2.9577023555,2.91903688603,2.95738776646,2.95747028384,2.95751653651,2.95743723014
159,3.60773725487,2.76300857373,2.75802576448,2.75804195896,2.67684927185,3.25951621824,2.72567221689,2.75800559045,2.7584879291,2.75809567875,2.7580231935,2.75802007284,2.75801192037,2.75801972717,2.75814571706,2.72109405475,2.75796298197,2.75804258318,2.75808819947,2.7580102459
160,3.67201510924,2.97408805675,2.96798777802,2.96800557371,2.89570257777,3.3587690474,2.91407267938,2.9679688631,2.96847081979,2.9680630872,2.96797960322,2.96798294697,2.96797520515,2.96798600364,2.96928311751,2.93156759158,2.96792384958,2.9680029585,2.96805164026,2.9679730773
161,3.71979780617,2.93646347908,2.93123822172,2.93125485537,2.85328112226,3.39215800956,2.89200862006,2.93121827308,2.93171039717,2.93130870187,2.93123324552,2.93123264274,2.93122465204,2.93123540141,2.93238319792,2.89411968592,2.93117325643,2.93125435476,2.93130182877,2.93122263422
162,3.67582815585,2.85256557507,2.84708125401,2.84709854856,2.77380989283,3.35826963046,2.79994946947,2.84706238329,2.84754802243,2.84715376675,2.84707395293,2.84707603868,2.84706853944,2.8470802455,2.84890518519,2.81087555815,2.84701692735,2.84709670857,2.84714590501,2.84706630982
163,4.05051642197,3.04849575653,3.04246276163,3.04248043946,2.96526961615,3.70732509648,2.9940054846,3.04244124466,3.04298467905,3.04253928563,3.04245677279,3.04245679775,3.04244828655,3.04246168087,3.04425107304,3.00285591809,3.04239335077,3.0424799102,3.04252798676,3.04244623177
164,3.69265099501,2.90275997452,2.89746638679,2.89748323127,2.82509477696,3.38122337122,2.85422642037,2.89744753044,2.89792803621,2.89753695691,2.89745944892,2.89746107747,2.89745365039,2.89746596448,2.89948625893,2.8615384615,2.89740225229,2.89748172787,2.89753001857,2.89745142308
165,3.4897816737,2.9240235941,2.91898399477,2.91900043423,2.85016173526,3.20503716069,2.87592360866,2.91896685842,2.91941296732,2.91905136353,2.918975958,2.91897926332,2.9189724554,2.91898403496,2.92103156055,2.88537949479,2.91892326311,2.91899794131,2.91904615405,2.9189701246
166,3.72865857098,2.94974920123,2.944601292,2.94461780928,2.87168831581,3.41735435942,2.90493489513,2.94458210226,2.94506412852,2.94467048044,2.94459489568,2.94459580922,2.94458828977,2.9446011321,2.94670052284,2.90842479747,2.94453655268,2.94461674359,2.94466448269,2.94458606882
167,3.68262317528,3.05399787899,3.04926248885,3.0492780698,2.97572986347,3.38180205394,3.0173870142,3.04924341907,3.04970999969,3.04932763902,3.04925738785,3.04925696461,3.04924947578,3.04926175878,3.05108093537,3.0137976284,3.04919916713,3.04927769373,3.04932350458,3.04924736568
168,3.50099434998,3.01995537293,3.01521522964,3.01523095921,2.94632180905,3.22288501998,2.97907831644,3.01519784002,3.01564021357,3.01527922873,3.01520788599,3.01521033454,3.01520345808,3.01521588206,3.01738648862,2.98164255705,3.0151540585,3.01522900297,3.01527614185,3.01520111411
169,3.70633263009,2.95827796015,2.95300460628,2.95302133489,2.8812281702,3.40064458268,2.91007224538,2.95298581656,2.9534652086,2.95307456745,2.95299754342,2.95299931624,2.95299192445,2.95300456426,2.95512105021,2.91721489201,2.95294051382,2.95301979284,2.95306784369,2.9529896777
170,3.41650493941,3.05692373078,3.0521107898,3.05212655753,2.98670322928,3.15546099967,3.01282643003,3.0520944451,3.05252325149,3.05217422727,3.05210210006,3.05210630995,3.05209980959,3.05211227464,3.05446814027,3.01980530062,3.05205131312,3.05212366298,3.05217097037,3.05209737275
171,3.75839872366,2.99457245227,2.98936339763,2.98937986976,2.91754350441,3.4503583341,2.9492413094,2.98934424458,2.98982752355,2.98943270994,2.98935692173,2.98935792362,2.98935044226,2.98936353428,2.99155808792,2.95330582836,2.98929889714,2.98937881746,2.98942599373,2.98934824917
172,3.56537422967,2.82085388635,2.81599826391,2.81601451099,2.74517004582,3.26317537758,2.7773710396,2.81598038434,2.81643203586,2.81606579474,2.81599171756,2.81599308966,2.81598611171,2.81599772086,2.81804365169,2.78164585169,2.81593674308,2.81601312202,2.81606064911,2.81598390376
173,3.61272273156,2.81469810855,2.80976920633,2.80978553534,2.73767382507,3.30220971301,2.77090185551,2.80975093211,2.8102095101,2.80983786681,2.80976328821,2.80976390453,2.80975677338,2.80976790588,2.81160775128,2.77495841387,2.80970751433,2.80978453682,2.80983161619,2.80975467461
174,3.4741347479,2.91558353188,2.91093215276,2.91094776543,2.84336925972,3.19310944893,2.87617660326,2.91091501969,2.91135024914,2.91099602925,2.91092504867,2.91092722659,2.91092053221,2.91093282377,2.91321380089,2.8778236928,2.91087193357,2.91094600864,2.9109925995,2.91091823755
175,3.55536903816,2.87143169319,2.866482348,2.86649872001,2.79597418936,3.2593935559,2.82547896172,2.86646468954,2.866915518,2.86655022408,2.86647534682,2.86647732426,2.8664703833,2.86648179903,2.86846972401,2.83232351842,2.86642114156,2.86649697031,2.86654473918,2.86646815399
176,3.5895471938,2.88371836599,2.87917616415,2.87919180895,2.8054295265,3.28325550814,2.84790678147,2.87915755898,2.87961113648,2.87924108222,2.87917104018,2.87917068405,2.8791634147,2.87917513134,2.88101220559,2.84421194173,2.8791136184,2.87919132377,2.87923804758,2.87916125704
177,3.58775037571,2.86634756882,2.86157636432,2.86159229668,2.79149864416,3.28811009913,2.82583137517,2.86155834397,2.86201030934,2.86164263314,2.86157005931,2.86157109787,2.86156410484,2.86157635043,2.86377405127,2.82723740604,2.86151463605,2.86159117042,2.86163793424,2.8615619047
178,3.660386923,2.95306191495,2.94967960015,2.94969353996,2.88210907564,3.38560281095,2.9302895782,2.94966238451,2.95006654715,2.94973587469,2.94967482606,2.94967382504,2.94966759717,2.94968251577,2.95315405344,2.91729765954,2.94961917925,2.94969387059,2.94973881787,2.94966522523
179,3.38392431002,2.86899449161,2.86609942382,2.86611272099,2.80255066709,3.13644454786,2.8494542254,2.86608434551,2.86644089336,2.86615094347,2.86609361996,2.86609427919,2.86608885867,2.86610285511,2.86964309455,2.83666144654,2.86604320956,2.86611204465,2.86615706842,2.86608634422
180,3.52839351211,3.02658407769,3.02441690528,3.02442883494,2.95151961325,3.26135388987,3.02332552724,3.02439994974,3.02475916005,3.02446449837,3.02441615185,3.02441089167,3.02440475382,3.02441676031,3.02685777867,2.99355602644,3.024360231,3.02443119739,3.02447275472,3.02440269162
181,3.47478024804,3.16260474787,3.15957039944,3.15958338174,3.09845696884,3.23941144451,3.14240123333,3.15955530448,3.15991726771,3.1596208203,3.15956418134,3.15956533583,3.159559903,3.15957500449,3.16334244791,3.13032764038,3.15951421037,3.15958259584,3.15962610141,3.15955739981
182,3.15579468402,3.23215131079,3.22976735938,3.22977879352,3.17557407622,2.93701074916,3.22022325916,3.22975466298,3.2300589913,3.22981006259,3.22976094724,3.22976294164,3.22975847646,3.22977282852,3.23361985932,3.20448779997,3.22971742992,3.22977759656,3.22981786925,3.22975600743
183,3.38013456419,3.38302771266,3.38037758354,3.38038971079,3.32309406448,3.15786539647,3.36580537851,3.38036365242,3.38069831614,3.38042335053,3.38037082509,3.38037277542,3.38036787964,3.38038387871,3.38460644896,3.35301830708,3.38032364729,3.38038863036,3.38043079553,3.38036527994
184,3.40502511968,3.39869675155,3.39622091493,3.39623255122,3.33747606922,3.17073873969,3.38714323137,3.39620629384,3.39654570202,3.39626537795,3.39621559088,3.39621578958,3.39621066506,3.39622672852,3.40030628666,3.3683501541,3.3961665075,3.39623246464,3.39627312745,3.39620820254
185,3.13660318183,3.55759600569,3.55547219668,3.55548296467,3.50339639931,2.91601536105,3.54437580008,3.5554598157,3.55575460118,3.55551252472,3.55546593305,3.55546764221,3.55546351591,3.5554794882,3.55997809552,3.53099524872,3.55542317837,3.555482224,3.55552049343,3.55546106347
186,3.2714744426,3.52847386235,3.52625353391,3.5262645094,3.47183217337,3.04124919366,3.51506071037,3.52624007372,3.52655430396,3.52629593501,3.52624825682,3.52624854228,3.52624407864,3.52626042237,3.53077757389,3.50037252924,3.52620263081,3.52626461139,3.52630271168,3.52624172393
187,3.12114608066,3.56569469611,3.56408046838,3.56409032724,3.5088252253,2.89184263933,3.55604373452,3.56406776607,3.56434746904,3.56412027041,3.56407797866,3.56407533848,3.56407136259,3.56408526956,3.56812615115,3.54012104362,3.56403481137,3.56409204088,3.56412589071,3.56406945621
188,3.00793072325,3.63160011611,3.63106526201,3.63107311611,3.57990621261,2.80123871031,3.63258047658,3.63105298386,3.63129968379,3.63109771469,3.63106484681,3.63105941913,3.63105623153,3.63107340556,3.63655466097,3.60889626684,3.63102172827,3.63107699475,3.6311060253,3.63105443287
189,3.22570512886,3.68603673879,3.68617102946,3.68617756357,3.63130339265,3.00582245552,3.69844306664,3.68615645688,3.68642052915,3.68620113906,3.68617506993,3.68616374376,3.68616015578,3.68617951631,3.69220690564,3.66210308139,3.68612508074,3.68618511122,3.68620974316,3.68615872239
190,3.25797409226,3.74214135355,3.74161917575,3.74162690939,3.68932495288,3.06398625122,3.74407116004,3.74160575941,3.74187274655,3.74165154544,3.74161931272,3.74161287002,3.74160934161,3.74162837839,3.74750117587,3.71804247444,3.74157279184,3.74163152403,3.74166026888,3.74160751385
191,3.16406864767,3.73840187218,3.73879819372,3.73880451864,3.68684826943,2.9971816645,3.7455235027,3.73878551419,3.73901373693,3.73882677217,3.73880109399,3.73879135291,3.73878862692,3.73880769058,3.74524881303,3.71721138567,3.73875613181,3.73881128427,3.73883564816,3.73878712633
192,3.88259635524,3.98447804607,3.98618261315,3.98618660069,3.92623594584,3.7875090743,4.00907043151,3.98616785201,3.98638897081,3.98620493059,3.98619213926,3.98617415456,3.98617117791,3.9861909845,3.99276480747,3.96358217811,3.98614049164,3.9861982262,3.98621608161,3.98617024441
193,3.75831807038,3.83744313402,3.84223004033,3.84222877142,3.7838191497,3.68060844515,3.88763931366,3.84221461326,3.84235618561,3.84224345527,3.84225286543,3.84221788988,3.84221719978,3.8422416417,3.85227916023,3.82315558569,3.84219825101,3.84225178419,3.84224950231,3.84221785575
194,3.80257100349,3.77199387062,3.78008586151,3.7800788653,3.71031976438,3.69429762406,3.9109969184,3.78006583216,3.7801591164,3.78010489624,3.78013462131,3.78006667247,3.78006831919,3.7800941932,3.79398189849,3.7613408943,3.78006873264,3.78012295218,3.78008778522,3.78007253152
195,4.03167442287,3.86823649857,3.87368872324,3.87368510497,3.81275280707,3.93980561515,4.05268686054,3.87367165729,3.87378358133,3.87371866151,3.87372911052,3.87367261922,3.87367401444,3.87369335734,3.88520585593,3.85666299801,3.87367555351,3.87372186683,3.87369283529,3.87367794446
196,4.97594468937,4.18451227963,4.18068048074,4.18069082051,4.13644304358,4.9590112397,4.2971273251,4.18067385269,4.18085785912,4.18075319463,4.18068929227,4.18067582177,4.18067573337,4.18066852805,4.18198137351,4.16806669336,4.18067774455,4.18069939375,4.18070141311,4.18067819239
197,4.6002073707,4.14696227224,4.14584514839,4.14585048903,4.10564421545,4.5656038593,4.2902056845,4.14583837268,4.14595532675,4.14589628262,4.14585971874,4.14583911091,4.14583973471,4.14583750664,4.14874537402,4.1359332215,4.1458445105,4.14586370855,4.14585680439,4.14584231813
198,4.41966030462,4.24813967159,4.24906234745,4.24906315929,4.22541354554,4.37335220185,4.35201693924,4.24905594122,4.24913898238,4.2490768874,4.24907106269,4.24905741672,4.24905721751,4.24906638839,4.25342676835,4.24058873377,4.24905051054,4.24907239762,4.24907054344,4.249057782
