Time,CO,rh,MOS,vocs,prediction
6.13E-01,3.91E-01,9.32E-01,4.83E-01,1,6.16E-01
6.14E-01,3.77E-01,9.15E-01,4.96E-01,0.815532062,6.17E-01
6.14E-01,3.72E-01,9.05E-01,5.03E-01,0.842377063,6.19E-01
6.14E-01,3.73E-01,8.99E-01,5.11E-01,0.835797239,6.21E-01
6.15E-01,3.74E-01,8.56E-01,5.18E-01,0.871184112,6.24E-01
6.15E-01,3.74E-01,7.50E-01,5.23E-01,0.855574878,6.27E-01
6.15E-01,3.82E-01,6.71E-01,5.33E-01,0.783981823,6.33E-01
6.16E-01,3.90E-01,7.79E-01,5.31E-01,0.815288061,6.32E-01
6.16E-01,4.14E-01,9.25E-01,5.46E-01,0.757526852,6.38E-01
6.17E-01,4.37E-01,9.47E-01,5.75E-01,0.75665732,6.50E-01
6.17E-01,4.40E-01,9.26E-01,5.88E-01,0.744919953,6.54E-01
6.17E-01,4.44E-01,9.05E-01,5.97E-01,0.769712351,6.58E-01
6.18E-01,4.34E-01,8.87E-01,6.00E-01,0.801218705,6.57E-01
6.18E-01,4.07E-01,8.73E-01,5.84E-01,0.746231591,6.49E-01
6.18E-01,4.05E-01,8.57E-01,5.78E-01,0.794592831,6.47E-01
6.19E-01,3.98E-01,8.15E-01,5.63E-01,0.795034783,6.42E-01
6.19E-01,3.96E-01,8.24E-01,5.52E-01,0.780617428,6.38E-01
6.19E-01,3.95E-01,8.42E-01,5.55E-01,0.744550011,6.39E-01
6.20E-01,4.02E-01,8.67E-01,5.64E-01,0.70994938,6.42E-01
6.20E-01,4.09E-01,8.79E-01,5.85E-01,0.711260554,6.49E-01
6.20E-01,4.10E-01,8.79E-01,5.97E-01,0.728798303,6.53E-01
6.21E-01,3.93E-01,8.69E-01,5.96E-01,0.726128205,6.50E-01
6.21E-01,3.94E-01,8.50E-01,5.82E-01,0.718008659,6.46E-01
6.21E-01,3.75E-01,7.82E-01,5.58E-01,0.759072137,6.37E-01
6.22E-01,3.58E-01,7.31E-01,6.58E-01,0.758266116,6.64E-01
6.22E-01,3.69E-01,7.49E-01,9.95E-01,0.740717086,7.55E-01
6.22E-01,3.98E-01,8.76E-01,1.00E+00,0.75228339,7.58E-01
6.23E-01,4.07E-01,9.37E-01,9.14E-01,0.699318282,7.38E-01
6.23E-01,4.07E-01,9.38E-01,8.81E-01,0.719194202,7.29E-01
6.23E-01,4.18E-01,9.36E-01,8.66E-01,0.733120774,7.27E-01
6.24E-01,4.22E-01,9.30E-01,8.53E-01,0.783014629,7.24E-01
6.24E-01,4.28E-01,8.96E-01,8.57E-01,0.710871451,7.27E-01
6.25E-01,4.23E-01,7.35E-01,8.51E-01,0.683139148,7.26E-01
6.25E-01,4.20E-01,6.28E-01,8.47E-01,0.666800231,7.26E-01
6.25E-01,4.09E-01,5.30E-01,8.39E-01,0.681943097,7.24E-01
6.26E-01,4.09E-01,6.63E-01,8.31E-01,0.655520268,7.20E-01
6.26E-01,4.33E-01,8.60E-01,8.32E-01,0.667059221,7.21E-01
6.26E-01,4.65E-01,9.78E-01,8.62E-01,0.889611172,7.32E-01
6.27E-01,4.80E-01,1.00E+00,8.70E-01,0.927314273,7.36E-01
6.27E-01,4.72E-01,9.76E-01,8.69E-01,0.869653661,7.35E-01
6.27E-01,4.77E-01,9.52E-01,8.77E-01,0.826172122,7.38E-01
6.28E-01,4.85E-01,9.34E-01,8.81E-01,0.821716292,7.40E-01
6.28E-01,4.87E-01,9.17E-01,8.68E-01,0.814099892,7.38E-01
6.28E-01,4.70E-01,8.72E-01,8.44E-01,0.817420864,7.30E-01
6.29E-01,4.44E-01,7.91E-01,8.13E-01,0.818244192,7.19E-01
6.29E-01,4.35E-01,7.05E-01,7.86E-01,0.784840383,7.11E-01
6.29E-01,4.35E-01,6.96E-01,7.72E-01,0.794639962,7.08E-01
6.30E-01,4.43E-01,8.10E-01,7.65E-01,0.758716567,7.06E-01
6.30E-01,4.47E-01,8.56E-01,7.49E-01,0.762374411,7.01E-01
6.30E-01,4.34E-01,8.50E-01,7.53E-01,0.773062375,7.00E-01
6.31E-01,4.31E-01,8.38E-01,7.53E-01,0.784105754,7.00E-01
6.31E-01,4.24E-01,8.26E-01,7.43E-01,0.760145492,6.97E-01
6.31E-01,4.19E-01,8.08E-01,7.25E-01,0.765934748,6.91E-01
6.32E-01,4.01E-01,7.42E-01,7.12E-01,0.778794301,6.86E-01
6.32E-01,4.00E-01,6.73E-01,7.14E-01,0.766266829,6.87E-01
6.33E-01,4.04E-01,6.33E-01,7.20E-01,0.755491711,6.90E-01
6.33E-01,3.96E-01,7.21E-01,7.12E-01,0.726007827,6.85E-01
6.33E-01,4.24E-01,8.29E-01,7.20E-01,0.705417677,6.90E-01
6.34E-01,4.30E-01,8.40E-01,7.39E-01,0.701297947,6.96E-01
6.34E-01,4.32E-01,8.25E-01,7.53E-01,0.756124042,7.01E-01
6.34E-01,4.42E-01,8.09E-01,7.55E-01,0.712424308,7.03E-01
6.35E-01,4.30E-01,7.96E-01,7.52E-01,0.67882533,7.00E-01
6.35E-01,4.12E-01,7.81E-01,7.36E-01,0.682357697,6.93E-01
6.35E-01,4.17E-01,7.44E-01,7.31E-01,0.692046016,6.93E-01
6.36E-01,4.25E-01,7.46E-01,7.08E-01,0.66816379,6.88E-01
6.36E-01,4.22E-01,7.37E-01,7.00E-01,0.684576108,6.86E-01
6.36E-01,4.28E-01,7.32E-01,6.98E-01,0.688389872,6.86E-01
6.37E-01,4.39E-01,7.62E-01,6.97E-01,0.685117576,6.87E-01
6.37E-01,4.44E-01,7.72E-01,7.15E-01,0.70608694,6.93E-01
6.37E-01,4.42E-01,7.64E-01,7.23E-01,0.65980658,6.95E-01
6.38E-01,4.56E-01,7.56E-01,7.28E-01,0.683339571,6.98E-01
6.38E-01,4.41E-01,7.46E-01,7.24E-01,0.663133269,6.95E-01
6.38E-01,4.44E-01,7.39E-01,7.01E-01,0.68677783,6.89E-01
6.39E-01,4.38E-01,7.13E-01,6.86E-01,0.672919869,6.85E-01
6.39E-01,4.29E-01,6.41E-01,6.69E-01,0.692120035,6.79E-01
6.39E-01,4.21E-01,5.77E-01,6.49E-01,0.693088929,6.73E-01
6.40E-01,4.31E-01,6.33E-01,6.43E-01,0.651559084,6.73E-01
6.40E-01,4.61E-01,7.64E-01,6.39E-01,0.693475714,6.74E-01
6.41E-01,4.62E-01,8.10E-01,6.55E-01,0.621744664,6.78E-01
6.41E-01,4.63E-01,8.02E-01,6.74E-01,0.614334713,6.84E-01
6.41E-01,4.50E-01,7.90E-01,6.78E-01,0.655323862,6.83E-01
6.42E-01,4.52E-01,7.80E-01,6.81E-01,0.656239598,6.84E-01
6.42E-01,4.49E-01,7.64E-01,6.72E-01,0.65148182,6.82E-01
6.42E-01,4.30E-01,6.79E-01,6.64E-01,0.631941691,6.77E-01
6.43E-01,4.02E-01,5.65E-01,6.49E-01,0.630207572,6.70E-01
6.43E-01,4.03E-01,4.71E-01,6.53E-01,0.613976825,6.73E-01
6.43E-01,4.21E-01,5.85E-01,6.40E-01,0.609763451,6.71E-01
6.44E-01,4.34E-01,7.61E-01,6.38E-01,0.600149305,6.70E-01
6.44E-01,4.51E-01,8.12E-01,6.57E-01,0.603051351,6.77E-01
6.44E-01,4.50E-01,7.89E-01,6.67E-01,0.623849342,6.80E-01
6.45E-01,4.41E-01,7.61E-01,6.72E-01,0.603605954,6.80E-01
6.45E-01,4.52E-01,7.39E-01,6.87E-01,0.60506223,6.86E-01
6.45E-01,4.60E-01,7.19E-01,6.89E-01,0.611421851,6.88E-01
6.46E-01,4.41E-01,6.97E-01,6.66E-01,0.596053836,6.79E-01
6.46E-01,4.22E-01,6.37E-01,6.46E-01,0.591313057,6.72E-01
6.46E-01,4.13E-01,5.40E-01,6.22E-01,0.591394029,6.65E-01
6.47E-01,4.24E-01,4.94E-01,6.23E-01,0.591278133,6.68E-01
6.47E-01,4.27E-01,5.13E-01,6.33E-01,0.606156756,6.70E-01
6.47E-01,4.47E-01,6.62E-01,6.32E-01,0.599380063,6.71E-01
6.48E-01,4.52E-01,7.07E-01,6.41E-01,0.585196509,6.74E-01
6.48E-01,4.61E-01,7.03E-01,6.63E-01,0.613142217,6.82E-01
6.48E-01,4.49E-01,6.81E-01,6.71E-01,0.61300685,6.82E-01
6.49E-01,4.38E-01,6.61E-01,6.71E-01,0.610997361,6.81E-01
6.49E-01,4.25E-01,6.52E-01,6.72E-01,0.620627268,6.79E-01
6.50E-01,4.22E-01,6.30E-01,6.65E-01,0.619845354,6.77E-01
6.50E-01,4.17E-01,5.26E-01,6.56E-01,0.633224741,6.75E-01
6.50E-01,4.04E-01,4.39E-01,6.48E-01,0.635514544,6.72E-01
6.51E-01,4.29E-01,5.25E-01,6.46E-01,0.598592122,6.74E-01
6.51E-01,4.34E-01,6.36E-01,6.45E-01,0.593222411,6.73E-01
6.51E-01,4.44E-01,6.48E-01,6.61E-01,0.593139583,6.79E-01
6.52E-01,4.52E-01,6.29E-01,6.76E-01,0.602041816,6.85E-01
6.52E-01,4.41E-01,6.11E-01,6.69E-01,0.608596915,6.81E-01
6.52E-01,4.37E-01,5.98E-01,6.64E-01,0.62069557,6.80E-01
6.53E-01,4.40E-01,5.86E-01,6.55E-01,0.598428476,6.78E-01
6.53E-01,4.25E-01,5.45E-01,6.45E-01,0.613336304,6.73E-01
6.53E-01,4.07E-01,4.54E-01,6.30E-01,0.642615129,6.67E-01
6.54E-01,3.99E-01,4.02E-01,6.15E-01,0.631603582,6.62E-01
6.54E-01,4.10E-01,5.67E-01,5.97E-01,0.614825187,6.57E-01
6.54E-01,4.45E-01,6.43E-01,6.05E-01,0.590300122,6.63E-01
6.55E-01,4.50E-01,6.36E-01,6.21E-01,0.60800368,6.69E-01
6.55E-01,4.41E-01,6.16E-01,6.28E-01,0.620287306,6.70E-01
6.55E-01,4.16E-01,6.00E-01,6.26E-01,0.602494275,6.65E-01
6.56E-01,4.03E-01,5.82E-01,6.14E-01,0.673620964,6.60E-01
6.56E-01,3.87E-01,5.53E-01,6.09E-01,0.640576126,6.56E-01
6.56E-01,3.82E-01,5.16E-01,5.89E-01,0.590742383,6.50E-01
6.57E-01,3.80E-01,4.84E-01,5.87E-01,0.609092334,6.50E-01
6.57E-01,3.95E-01,4.63E-01,5.97E-01,0.63240744,6.56E-01
6.58E-01,4.03E-01,5.50E-01,6.10E-01,0.607266425,6.59E-01
6.58E-01,4.10E-01,5.94E-01,6.36E-01,0.591083891,6.67E-01
6.58E-01,4.01E-01,5.93E-01,6.54E-01,0.558706306,6.71E-01
6.59E-01,4.00E-01,5.86E-01,6.67E-01,0.614530037,6.75E-01
6.59E-01,3.98E-01,5.77E-01,6.74E-01,0.595368194,6.76E-01
6.59E-01,3.88E-01,5.66E-01,6.66E-01,0.608867649,6.73E-01
6.60E-01,3.56E-01,5.39E-01,6.55E-01,0.601159458,6.65E-01
6.60E-01,3.61E-01,5.31E-01,6.54E-01,0.554210608,6.65E-01
6.60E-01,3.63E-01,5.17E-01,6.59E-01,0.573566385,6.67E-01
6.61E-01,3.73E-01,5.49E-01,6.65E-01,0.59574138,6.70E-01
6.61E-01,3.77E-01,5.70E-01,6.73E-01,0.570014238,6.73E-01
6.61E-01,3.63E-01,5.69E-01,7.05E-01,0.581323561,6.80E-01
6.62E-01,3.72E-01,5.65E-01,7.14E-01,0.576790931,6.84E-01
6.62E-01,3.71E-01,5.61E-01,7.13E-01,0.587415693,6.83E-01
6.62E-01,3.53E-01,5.60E-01,7.12E-01,0.577203059,6.80E-01
6.63E-01,3.62E-01,5.43E-01,7.12E-01,0.591204578,6.82E-01
6.63E-01,3.57E-01,4.84E-01,6.97E-01,0.572148895,6.78E-01
6.63E-01,3.41E-01,4.42E-01,6.78E-01,0.583334595,6.70E-01
6.64E-01,3.43E-01,5.48E-01,6.61E-01,0.564193768,6.64E-01
6.64E-01,3.49E-01,6.17E-01,6.73E-01,0.586380043,6.68E-01
6.64E-01,3.57E-01,6.12E-01,7.02E-01,0.585191101,6.77E-01
6.65E-01,3.46E-01,6.03E-01,7.11E-01,0.574504218,6.78E-01
6.65E-01,3.38E-01,5.97E-01,7.08E-01,0.560413691,6.76E-01
6.66E-01,3.29E-01,5.95E-01,7.12E-01,0.585909967,6.76E-01
6.66E-01,3.25E-01,5.79E-01,7.04E-01,0.5802295,6.73E-01
6.66E-01,3.09E-01,4.86E-01,6.63E-01,0.598877381,6.60E-01
6.67E-01,2.93E-01,4.13E-01,6.41E-01,0.585567378,6.52E-01
6.67E-01,3.08E-01,4.54E-01,6.39E-01,0.563554947,6.54E-01
6.67E-01,3.25E-01,6.27E-01,6.47E-01,0.578704767,6.56E-01
6.68E-01,3.26E-01,6.70E-01,6.61E-01,0.579095569,6.60E-01
6.68E-01,3.14E-01,6.61E-01,6.75E-01,0.53465518,6.62E-01
6.68E-01,3.20E-01,6.50E-01,6.88E-01,0.557988212,6.67E-01
6.69E-01,3.19E-01,6.44E-01,6.87E-01,0.575926499,6.66E-01
6.69E-01,3.27E-01,6.37E-01,6.93E-01,0.574904602,6.70E-01
6.69E-01,3.28E-01,6.36E-01,6.85E-01,0.613324251,6.67E-01
6.70E-01,3.28E-01,5.93E-01,6.76E-01,0.617078212,6.65E-01
6.70E-01,3.27E-01,6.07E-01,6.58E-01,0.58242195,6.60E-01
6.70E-01,3.38E-01,6.58E-01,6.45E-01,0.55301703,6.57E-01
6.71E-01,3.45E-01,6.95E-01,6.26E-01,0.599403242,6.52E-01
6.71E-01,3.35E-01,7.06E-01,6.23E-01,0.552819233,6.50E-01
6.71E-01,3.34E-01,7.05E-01,6.19E-01,0.543614743,6.48E-01
6.72E-01,3.18E-01,7.03E-01,6.07E-01,0.550243707,6.42E-01
6.72E-01,3.04E-01,6.95E-01,5.99E-01,0.569637034,6.38E-01
6.72E-01,3.18E-01,6.46E-01,6.02E-01,0.570889951,6.41E-01
6.73E-01,3.29E-01,5.83E-01,6.13E-01,0.556794943,6.47E-01
6.73E-01,3.18E-01,5.57E-01,6.16E-01,0.547108324,6.47E-01
6.73E-01,3.21E-01,5.78E-01,6.31E-01,0.521694102,6.52E-01
6.74E-01,3.33E-01,6.38E-01,6.37E-01,0.555254139,6.54E-01
6.74E-01,3.37E-01,6.73E-01,6.44E-01,0.539827404,6.56E-01
6.75E-01,3.40E-01,7.30E-01,6.49E-01,0.544092854,6.58E-01
6.75E-01,3.42E-01,7.59E-01,6.64E-01,0.531673708,6.62E-01
6.75E-01,3.66E-01,7.62E-01,6.83E-01,0.585875508,6.71E-01
6.76E-01,3.54E-01,6.46E-01,7.28E-01,0.540581658,6.83E-01
6.76E-01,3.60E-01,5.41E-01,7.78E-01,0.543180827,6.99E-01
6.76E-01,3.70E-01,5.36E-01,8.23E-01,0.534913243,7.13E-01
6.77E-01,3.96E-01,5.39E-01,8.54E-01,0.533502861,7.25E-01
6.77E-01,4.00E-01,6.61E-01,8.69E-01,0.507106457,7.28E-01
6.77E-01,4.24E-01,7.86E-01,8.88E-01,0.545683107,7.34E-01
6.78E-01,4.36E-01,8.47E-01,9.00E-01,0.560831691,7.38E-01
6.78E-01,4.28E-01,8.71E-01,9.03E-01,0.541570176,7.38E-01
6.78E-01,4.32E-01,8.62E-01,8.91E-01,0.60084932,7.35E-01
6.79E-01,4.19E-01,8.46E-01,8.91E-01,0.568459372,7.34E-01
6.79E-01,4.22E-01,8.27E-01,8.85E-01,0.565983517,7.33E-01
6.79E-01,4.10E-01,7.96E-01,8.81E-01,0.567866138,7.31E-01
6.80E-01,4.16E-01,7.83E-01,8.94E-01,0.601741104,7.35E-01
6.80E-01,4.17E-01,7.48E-01,9.04E-01,0.65386774,7.38E-01
6.80E-01,4.30E-01,7.42E-01,9.03E-01,0.686484535,7.40E-01
6.81E-01,4.28E-01,7.09E-01,8.89E-01,0.715821154,7.36E-01
6.81E-01,4.42E-01,7.45E-01,8.91E-01,0.755391886,7.38E-01
6.81E-01,4.45E-01,8.26E-01,8.92E-01,0.746077217,7.38E-01
6.82E-01,4.55E-01,8.49E-01,8.93E-01,0.774019679,7.39E-01
6.82E-01,4.66E-01,8.49E-01,9.08E-01,0.805545039,7.45E-01
6.83E-01,4.69E-01,8.46E-01,9.19E-01,0.771782879,7.48E-01
6.83E-01,4.76E-01,8.42E-01,9.28E-01,0.769216315,7.51E-01
6.83E-01,4.81E-01,7.94E-01,9.29E-01,0.765664477,7.53E-01
6.84E-01,4.68E-01,7.55E-01,9.19E-01,0.772196088,7.49E-01
6.84E-01,4.78E-01,7.41E-01,9.08E-01,0.800083847,7.48E-01
6.84E-01,4.78E-01,7.61E-01,9.00E-01,0.81615373,7.45E-01
6.85E-01,4.77E-01,8.37E-01,8.91E-01,0.840768266,7.42E-01
6.85E-01,4.97E-01,8.61E-01,8.87E-01,0.812182502,7.43E-01
6.85E-01,5.07E-01,8.59E-01,8.94E-01,0.828141897,7.47E-01
6.86E-01,5.24E-01,8.53E-01,8.93E-01,0.848221022,7.49E-01
6.86E-01,5.17E-01,8.46E-01,8.76E-01,0.877254146,7.44E-01
6.86E-01,5.05E-01,7.89E-01,8.68E-01,0.816990965,7.41E-01
6.87E-01,4.92E-01,7.09E-01,8.55E-01,0.83602285,7.36E-01
6.87E-01,4.94E-01,6.86E-01,8.45E-01,0.839381218,7.35E-01
6.87E-01,5.14E-01,7.68E-01,8.35E-01,0.839484443,7.34E-01
6.88E-01,5.32E-01,8.76E-01,8.23E-01,0.86832039,7.32E-01
6.88E-01,5.36E-01,8.94E-01,8.29E-01,0.836127466,7.34E-01
6.88E-01,5.56E-01,8.90E-01,8.42E-01,0.828467643,7.40E-01
6.89E-01,5.55E-01,8.83E-01,8.46E-01,0.856529401,7.41E-01
6.89E-01,5.63E-01,8.80E-01,8.58E-01,0.841663295,7.45E-01
6.89E-01,5.67E-01,8.69E-01,8.64E-01,0.820525959,7.47E-01
6.90E-01,5.59E-01,7.91E-01,8.49E-01,0.803521179,7.43E-01
6.90E-01,5.53E-01,7.18E-01,8.32E-01,0.822678232,7.39E-01
6.91E-01,5.61E-01,7.46E-01,8.20E-01,0.814330294,7.37E-01
6.91E-01,5.84E-01,8.87E-01,8.16E-01,0.79381339,7.38E-01
6.91E-01,6.09E-01,9.44E-01,8.34E-01,0.79306269,7.45E-01
6.92E-01,6.23E-01,9.42E-01,8.52E-01,0.809619647,7.51E-01
6.92E-01,6.28E-01,8.08E-01,7.98E-01,0.788330718,7.40E-01
6.92E-01,6.31E-01,7.86E-01,8.01E-01,0.742695669,7.42E-01
6.93E-01,6.41E-01,7.74E-01,8.16E-01,0.79817882,7.47E-01
6.93E-01,6.40E-01,7.54E-01,8.24E-01,0.767961234,7.49E-01
6.93E-01,6.54E-01,6.92E-01,8.25E-01,0.751509821,7.52E-01
6.94E-01,6.39E-01,6.13E-01,8.15E-01,0.755095037,7.48E-01
6.94E-01,6.36E-01,6.06E-01,8.08E-01,0.791981145,7.46E-01
6.94E-01,6.66E-01,7.77E-01,8.04E-01,0.774506753,7.47E-01
6.95E-01,6.77E-01,8.60E-01,8.13E-01,0.779593213,7.50E-01
6.95E-01,6.84E-01,8.58E-01,8.39E-01,0.762809409,7.58E-01
6.95E-01,6.99E-01,8.44E-01,8.52E-01,0.764245906,7.63E-01
6.96E-01,7.06E-01,8.30E-01,8.48E-01,0.758335345,7.63E-01
6.96E-01,7.14E-01,8.20E-01,8.46E-01,0.76320701,7.64E-01
6.96E-01,7.21E-01,8.13E-01,8.38E-01,0.78129859,7.63E-01
6.97E-01,7.20E-01,7.81E-01,8.25E-01,0.798686446,7.60E-01
6.97E-01,7.12E-01,7.38E-01,7.98E-01,0.79820818,7.53E-01
6.97E-01,7.04E-01,7.05E-01,7.76E-01,0.805510425,7.47E-01
6.98E-01,7.18E-01,7.81E-01,7.59E-01,0.784964933,7.44E-01
6.98E-01,7.21E-01,8.50E-01,7.46E-01,0.79077675,7.40E-01
6.99E-01,7.09E-01,8.58E-01,7.46E-01,0.755590764,7.38E-01
6.99E-01,7.12E-01,8.54E-01,7.54E-01,0.813376235,7.41E-01
6.99E-01,7.17E-01,8.45E-01,7.50E-01,0.790398773,7.41E-01
7.00E-01,7.09E-01,8.34E-01,7.53E-01,0.775501144,7.40E-01
7.00E-01,7.02E-01,8.18E-01,7.53E-01,0.80002868,7.39E-01
7.00E-01,6.98E-01,7.55E-01,7.53E-01,0.765942319,7.40E-01
7.01E-01,6.85E-01,6.81E-01,7.37E-01,0.773389048,7.35E-01
7.01E-01,6.75E-01,7.05E-01,7.22E-01,0.802543014,7.29E-01
7.01E-01,6.92E-01,8.29E-01,7.16E-01,0.757613851,7.29E-01
7.02E-01,6.98E-01,8.57E-01,7.16E-01,0.7945491,7.29E-01
7.02E-01,7.00E-01,8.47E-01,7.20E-01,0.714574109,7.30E-01
7.02E-01,7.03E-01,8.38E-01,7.23E-01,0.770398149,7.32E-01
7.03E-01,6.99E-01,8.28E-01,7.32E-01,0.769707252,7.34E-01
7.03E-01,6.95E-01,8.17E-01,7.27E-01,0.709445153,7.32E-01
7.03E-01,6.94E-01,7.63E-01,7.35E-01,0.750957381,7.34E-01
7.04E-01,6.75E-01,6.85E-01,7.26E-01,0.768970151,7.30E-01
7.04E-01,6.68E-01,6.25E-01,7.34E-01,0.763799782,7.32E-01
7.04E-01,6.97E-01,7.23E-01,7.39E-01,0.749650225,7.36E-01
7.05E-01,7.26E-01,8.46E-01,7.58E-01,0.797759893,7.44E-01
7.05E-01,7.37E-01,8.56E-01,7.80E-01,0.772753318,7.51E-01
7.05E-01,7.62E-01,8.42E-01,8.06E-01,0.736715107,7.60E-01
7.06E-01,7.77E-01,8.31E-01,8.11E-01,0.756780943,7.64E-01
7.06E-01,7.72E-01,8.24E-01,8.11E-01,0.746504952,7.63E-01
7.06E-01,7.58E-01,8.16E-01,8.03E-01,0.760525014,7.60E-01
7.07E-01,7.62E-01,7.89E-01,8.00E-01,0.784955816,7.59E-01
7.07E-01,7.65E-01,7.39E-01,7.98E-01,0.778238153,7.60E-01
7.08E-01,7.59E-01,6.99E-01,7.99E-01,0.757251173,7.60E-01
7.08E-01,7.77E-01,7.18E-01,8.13E-01,0.768266428,7.65E-01
7.08E-01,7.83E-01,8.27E-01,8.17E-01,0.77679362,7.66E-01
7.09E-01,7.87E-01,8.56E-01,8.34E-01,0.80969382,7.70E-01
7.09E-01,8.10E-01,8.50E-01,8.44E-01,0.771755682,7.75E-01
7.09E-01,8.07E-01,8.44E-01,8.45E-01,0.786598299,7.75E-01
7.10E-01,8.03E-01,8.36E-01,8.37E-01,0.790812291,7.73E-01
7.10E-01,8.09E-01,8.28E-01,8.27E-01,0.80117111,7.72E-01
7.10E-01,7.84E-01,7.84E-01,8.15E-01,0.79274977,7.66E-01
7.11E-01,7.74E-01,7.37E-01,7.95E-01,0.757737629,7.60E-01
7.11E-01,7.75E-01,6.60E-01,7.84E-01,0.782440092,7.59E-01
7.11E-01,7.69E-01,6.27E-01,7.72E-01,0.744849179,7.56E-01
7.12E-01,7.70E-01,8.20E-01,7.59E-01,0.797344211,7.50E-01
7.12E-01,8.15E-01,9.11E-01,7.54E-01,0.80146116,7.54E-01
7.12E-01,8.15E-01,9.10E-01,7.60E-01,0.780964808,7.56E-01
7.13E-01,8.14E-01,9.00E-01,7.53E-01,0.799508074,7.54E-01
7.13E-01,8.02E-01,8.90E-01,7.47E-01,0.787539532,7.51E-01
7.13E-01,7.99E-01,8.84E-01,7.33E-01,0.802541314,7.47E-01
7.14E-01,8.01E-01,8.79E-01,7.30E-01,0.786594127,7.47E-01
7.14E-01,7.86E-01,8.61E-01,7.22E-01,0.800411911,7.43E-01
7.14E-01,7.86E-01,7.81E-01,7.15E-01,0.779339477,7.42E-01
7.15E-01,7.80E-01,7.04E-01,7.12E-01,0.781809615,7.42E-01
7.15E-01,7.74E-01,6.72E-01,7.10E-01,0.765040028,7.41E-01
7.16E-01,7.82E-01,7.66E-01,7.04E-01,0.760056638,7.39E-01
7.16E-01,8.08E-01,9.01E-01,7.09E-01,0.751376308,7.43E-01
7.16E-01,8.34E-01,9.32E-01,7.21E-01,0.757185189,7.49E-01
7.17E-01,8.32E-01,9.29E-01,7.26E-01,0.742507454,7.50E-01
7.17E-01,8.30E-01,9.22E-01,7.22E-01,0.730309746,7.49E-01
7.17E-01,8.31E-01,9.20E-01,7.18E-01,0.721731096,7.48E-01
7.18E-01,8.36E-01,9.16E-01,7.07E-01,0.733883218,7.46E-01
7.18E-01,8.25E-01,9.13E-01,6.87E-01,0.712817738,7.39E-01
7.18E-01,8.11E-01,8.73E-01,6.75E-01,0.700134502,7.35E-01
7.19E-01,7.96E-01,8.08E-01,6.55E-01,0.686860194,7.28E-01
7.19E-01,7.80E-01,7.28E-01,6.45E-01,0.70977878,7.25E-01
7.19E-01,7.96E-01,7.80E-01,6.38E-01,0.67817461,7.24E-01
7.20E-01,8.04E-01,9.11E-01,6.33E-01,0.680421918,7.23E-01
7.20E-01,8.11E-01,9.63E-01,6.49E-01,0.727156128,7.27E-01
7.20E-01,8.32E-01,9.60E-01,6.63E-01,0.693171447,7.34E-01
7.21E-01,8.25E-01,9.48E-01,6.58E-01,0.724333356,7.32E-01
7.21E-01,8.03E-01,9.38E-01,6.44E-01,0.699465702,7.25E-01
7.21E-01,7.98E-01,9.27E-01,6.43E-01,0.656145027,7.24E-01
7.22E-01,7.83E-01,9.18E-01,6.29E-01,0.713995708,7.19E-01
7.22E-01,7.72E-01,8.83E-01,6.16E-01,0.678247393,7.14E-01
7.22E-01,7.46E-01,8.36E-01,5.96E-01,0.713646629,7.05E-01
7.23E-01,7.35E-01,7.75E-01,5.87E-01,0.701249116,7.02E-01
7.23E-01,7.21E-01,7.38E-01,5.70E-01,0.720376345,6.96E-01
7.24E-01,7.27E-01,8.89E-01,5.56E-01,0.674679176,6.91E-01
7.24E-01,7.28E-01,9.63E-01,5.55E-01,0.676200354,6.89E-01
7.24E-01,7.42E-01,9.69E-01,5.72E-01,0.67029103,6.96E-01
7.25E-01,7.40E-01,9.56E-01,5.76E-01,0.685054065,6.97E-01
7.25E-01,7.54E-01,9.42E-01,5.75E-01,0.686043974,6.99E-01
7.25E-01,7.47E-01,9.32E-01,5.80E-01,0.688643453,7.00E-01
7.26E-01,7.44E-01,9.18E-01,5.82E-01,0.70781086,7.00E-01
7.26E-01,7.35E-01,9.01E-01,5.75E-01,0.691965043,6.97E-01
7.26E-01,7.25E-01,8.55E-01,5.67E-01,0.663508774,6.94E-01
7.27E-01,7.26E-01,8.10E-01,5.49E-01,0.668455231,6.90E-01
7.27E-01,7.35E-01,8.79E-01,5.40E-01,0.654742681,6.88E-01
7.27E-01,7.47E-01,9.21E-01,5.39E-01,0.654155936,6.89E-01
7.28E-01,7.37E-01,9.12E-01,5.42E-01,0.656954602,6.88E-01
7.28E-01,7.35E-01,8.98E-01,5.41E-01,0.664622924,6.88E-01
7.28E-01,7.41E-01,8.89E-01,5.39E-01,0.69143362,6.88E-01
7.29E-01,7.32E-01,8.79E-01,5.34E-01,0.661706508,6.86E-01
7.29E-01,7.22E-01,8.54E-01,5.21E-01,0.651666327,6.81E-01
7.29E-01,7.18E-01,7.81E-01,5.00E-01,0.655438986,6.75E-01
7.30E-01,6.95E-01,7.31E-01,4.78E-01,0.661771101,6.66E-01
7.30E-01,6.90E-01,7.44E-01,4.66E-01,0.683947641,6.62E-01
7.30E-01,7.07E-01,8.55E-01,4.55E-01,0.699007834,6.60E-01
7.31E-01,7.20E-01,8.86E-01,4.60E-01,0.665051123,6.63E-01
7.31E-01,7.26E-01,8.73E-01,4.64E-01,0.687557118,6.65E-01
7.32E-01,7.31E-01,8.58E-01,4.63E-01,0.658049127,6.66E-01
7.32E-01,7.22E-01,8.47E-01,4.61E-01,0.667612433,6.64E-01
7.32E-01,7.21E-01,8.38E-01,4.54E-01,0.648308577,6.62E-01
7.33E-01,7.27E-01,8.11E-01,4.43E-01,0.643849657,6.60E-01
7.33E-01,7.07E-01,7.30E-01,4.25E-01,0.667289004,6.53E-01
7.33E-01,7.00E-01,7.01E-01,4.10E-01,0.628536655,6.48E-01
7.34E-01,7.06E-01,8.14E-01,3.97E-01,0.662490276,6.43E-01
7.34E-01,7.14E-01,8.42E-01,3.96E-01,0.632069949,6.44E-01
7.34E-01,7.13E-01,8.29E-01,4.04E-01,0.610310945,6.47E-01
7.35E-01,7.17E-01,8.15E-01,4.13E-01,0.616475396,6.50E-01
7.35E-01,7.07E-01,8.06E-01,4.04E-01,0.618843082,6.46E-01
7.35E-01,6.91E-01,8.02E-01,4.02E-01,0.624722583,6.43E-01
7.36E-01,6.89E-01,7.90E-01,3.91E-01,0.615655468,6.39E-01
7.36E-01,6.75E-01,7.65E-01,3.69E-01,0.599710135,6.31E-01
7.36E-01,6.56E-01,7.56E-01,3.61E-01,0.633812876,6.25E-01
7.37E-01,6.56E-01,7.12E-01,3.59E-01,0.625276413,6.25E-01
7.37E-01,6.45E-01,7.07E-01,3.61E-01,0.600012084,6.24E-01
7.37E-01,6.52E-01,7.83E-01,3.66E-01,0.624054247,6.26E-01
7.38E-01,6.63E-01,8.01E-01,3.68E-01,0.590668055,6.28E-01
7.38E-01,6.62E-01,7.97E-01,3.68E-01,0.580329789,6.28E-01
7.38E-01,6.72E-01,7.85E-01,3.67E-01,0.597931358,6.29E-01
7.39E-01,6.56E-01,7.74E-01,3.66E-01,0.611773712,6.26E-01
7.39E-01,6.50E-01,7.65E-01,3.54E-01,0.588501565,6.22E-01
7.39E-01,6.47E-01,7.57E-01,3.49E-01,0.587892723,6.20E-01
7.40E-01,6.50E-01,7.22E-01,3.45E-01,0.599691437,6.20E-01
7.40E-01,6.34E-01,6.72E-01,3.36E-01,0.597437794,6.15E-01
7.40E-01,6.34E-01,6.72E-01,3.36E-01,0.653486828,6.15E-01
7.41E-01,6.30E-01,6.15E-01,3.37E-01,0.599808261,6.16E-01
7.41E-01,6.32E-01,6.64E-01,3.29E-01,0.582041655,6.13E-01
7.41E-01,6.51E-01,7.45E-01,3.31E-01,0.587548588,6.16E-01
7.42E-01,6.72E-01,7.84E-01,3.45E-01,0.568079078,6.23E-01
7.42E-01,6.70E-01,7.79E-01,3.57E-01,0.583325787,6.26E-01
7.42E-01,6.87E-01,7.70E-01,3.66E-01,0.560571929,6.32E-01
7.43E-01,6.91E-01,7.66E-01,3.58E-01,0.538223089,6.30E-01
7.43E-01,6.75E-01,7.61E-01,3.55E-01,0.541901949,6.27E-01
7.43E-01,6.73E-01,7.58E-01,3.47E-01,0.58322488,6.24E-01
7.44E-01,6.67E-01,7.49E-01,3.35E-01,0.580665115,6.20E-01
7.44E-01,6.61E-01,7.11E-01,3.29E-01,0.553396707,6.17E-01
7.44E-01,6.56E-01,6.82E-01,3.14E-01,0.541109372,6.13E-01
7.45E-01,6.50E-01,7.08E-01,3.12E-01,0.548761469,6.10E-01
7.45E-01,6.49E-01,7.62E-01,3.19E-01,0.555830376,6.12E-01
7.45E-01,6.67E-01,7.69E-01,3.35E-01,0.5638144,6.19E-01
7.46E-01,6.65E-01,7.63E-01,3.48E-01,0.554881725,6.23E-01
7.46E-01,6.65E-01,7.54E-01,3.47E-01,0.561358015,6.23E-01
7.46E-01,6.53E-01,7.48E-01,3.40E-01,0.561576209,6.19E-01
7.47E-01,6.46E-01,7.43E-01,3.30E-01,0.5737631,6.14E-01
7.47E-01,6.37E-01,7.37E-01,3.28E-01,0.575826982,6.12E-01
7.47E-01,6.34E-01,7.27E-01,3.18E-01,0.573658948,6.09E-01
7.48E-01,6.25E-01,7.01E-01,3.03E-01,0.596275276,6.03E-01
7.48E-01,6.10E-01,7.00E-01,2.83E-01,0.5728452,5.95E-01
7.49E-01,5.99E-01,6.85E-01,2.76E-01,0.551346268,5.91E-01
7.49E-01,6.00E-01,7.20E-01,2.73E-01,0.574028889,5.90E-01
7.49E-01,5.99E-01,7.35E-01,2.81E-01,0.562499826,5.92E-01
7.50E-01,6.03E-01,7.32E-01,2.98E-01,0.547869376,5.98E-01
7.50E-01,6.10E-01,7.23E-01,2.98E-01,0.552340504,5.99E-01
7.50E-01,6.03E-01,7.18E-01,2.97E-01,0.562915353,5.97E-01
7.51E-01,5.83E-01,7.12E-01,3.00E-01,0.575223703,5.95E-01
7.51E-01,6.00E-01,7.09E-01,2.94E-01,0.560951296,5.96E-01
7.51E-01,5.87E-01,6.83E-01,2.86E-01,0.53453913,5.92E-01
7.52E-01,5.74E-01,6.49E-01,2.76E-01,0.555653595,5.87E-01
7.52E-01,5.94E-01,6.57E-01,2.76E-01,0.522824015,5.90E-01
7.52E-01,5.97E-01,6.74E-01,2.80E-01,0.543773444,5.92E-01
7.53E-01,6.07E-01,7.25E-01,2.95E-01,0.546835272,5.97E-01
7.53E-01,6.17E-01,7.26E-01,3.19E-01,0.544668782,6.06E-01
7.53E-01,6.22E-01,7.13E-01,3.37E-01,0.54317341,6.13E-01
7.54E-01,6.17E-01,7.05E-01,3.45E-01,0.588340083,6.14E-01
7.54E-01,6.19E-01,6.99E-01,3.47E-01,0.558548841,6.15E-01
7.54E-01,6.15E-01,6.97E-01,3.42E-01,0.574100745,6.13E-01
7.55E-01,6.06E-01,6.91E-01,3.43E-01,0.581707256,6.12E-01
7.55E-01,5.92E-01,6.77E-01,3.39E-01,0.532978237,6.09E-01
7.55E-01,5.81E-01,6.81E-01,3.41E-01,0.534684077,6.07E-01
7.56E-01,5.79E-01,6.53E-01,3.51E-01,0.540096129,6.10E-01
7.56E-01,5.97E-01,6.74E-01,3.58E-01,0.538932839,6.15E-01
7.57E-01,5.99E-01,6.82E-01,3.74E-01,0.562977319,6.20E-01
7.57E-01,5.98E-01,6.76E-01,3.81E-01,0.533596351,6.22E-01
7.57E-01,5.93E-01,6.68E-01,3.87E-01,0.58798034,6.23E-01
7.58E-01,5.90E-01,6.59E-01,3.89E-01,0.557212015,6.23E-01
7.58E-01,5.87E-01,6.52E-01,3.88E-01,0.593375858,6.22E-01
7.58E-01,5.93E-01,6.35E-01,3.83E-01,0.589754482,6.22E-01
7.59E-01,5.70E-01,5.68E-01,3.78E-01,0.58262361,6.18E-01
7.59E-01,5.67E-01,5.41E-01,3.81E-01,0.615616991,6.19E-01
7.59E-01,5.83E-01,5.75E-01,3.83E-01,0.615511602,6.21E-01
7.60E-01,5.87E-01,6.50E-01,3.91E-01,0.587546115,6.23E-01
7.60E-01,6.11E-01,6.66E-01,4.12E-01,0.616196472,6.33E-01
7.60E-01,6.17E-01,6.58E-01,4.41E-01,0.58532724,6.43E-01
7.61E-01,6.23E-01,6.46E-01,4.65E-01,0.611947866,6.51E-01
7.61E-01,6.26E-01,6.34E-01,4.81E-01,0.622218912,6.56E-01
7.61E-01,6.22E-01,6.27E-01,4.79E-01,0.636361361,6.55E-01
7.62E-01,6.06E-01,6.18E-01,4.71E-01,0.641432368,6.50E-01
7.62E-01,6.09E-01,5.79E-01,4.60E-01,0.633577066,6.48E-01
7.62E-01,6.02E-01,5.11E-01,4.53E-01,0.631993767,6.46E-01
7.63E-01,6.02E-01,5.11E-01,4.50E-01,0.64538088,6.45E-01
7.63E-01,6.17E-01,6.18E-01,4.40E-01,0.653785377,6.43E-01
7.63E-01,6.23E-01,6.53E-01,4.41E-01,0.646888924,6.44E-01
7.64E-01,6.38E-01,6.40E-01,4.52E-01,0.681543332,6.50E-01
7.64E-01,6.43E-01,6.26E-01,4.53E-01,0.645894533,6.51E-01
7.65E-01,6.44E-01,6.14E-01,4.46E-01,0.642363248,6.49E-01
7.65E-01,6.54E-01,6.08E-01,4.46E-01,0.689887871,6.51E-01
7.65E-01,6.52E-01,6.03E-01,4.42E-01,0.673789091,6.50E-01
7.66E-01,6.50E-01,5.98E-01,4.31E-01,0.69411268,6.46E-01
7.66E-01,6.44E-01,5.86E-01,4.20E-01,0.706673839,6.42E-01
7.66E-01,6.32E-01,5.26E-01,3.99E-01,0.701462365,6.35E-01
7.67E-01,6.08E-01,4.79E-01,3.78E-01,0.658256504,6.25E-01
7.67E-01,6.21E-01,5.32E-01,3.66E-01,0.687013795,6.23E-01
7.67E-01,6.31E-01,6.15E-01,3.62E-01,0.682597525,6.23E-01
7.68E-01,6.22E-01,6.16E-01,3.64E-01,0.655484418,6.22E-01
7.68E-01,6.31E-01,6.03E-01,3.78E-01,0.687409852,6.28E-01
7.68E-01,6.36E-01,5.90E-01,3.74E-01,0.682191733,6.28E-01
7.69E-01,6.16E-01,5.82E-01,3.70E-01,0.647791989,6.23E-01
7.69E-01,6.14E-01,5.74E-01,3.64E-01,0.690151497,6.21E-01
7.69E-01,6.03E-01,5.68E-01,3.52E-01,0.677143442,6.16E-01
7.70E-01,5.97E-01,5.65E-01,3.36E-01,0.618303932,6.10E-01
7.70E-01,5.89E-01,5.50E-01,3.25E-01,0.645261275,6.05E-01
7.70E-01,5.76E-01,5.35E-01,3.11E-01,0.660840994,5.99E-01
7.71E-01,5.70E-01,5.40E-01,3.03E-01,0.615335131,5.96E-01
7.71E-01,5.63E-01,4.87E-01,3.00E-01,0.632805814,5.94E-01
7.71E-01,5.42E-01,4.85E-01,2.95E-01,0.618793169,5.89E-01
7.72E-01,5.50E-01,5.42E-01,2.93E-01,0.638598933,5.89E-01
7.72E-01,5.69E-01,5.61E-01,3.08E-01,0.599529646,5.97E-01
7.72E-01,5.84E-01,5.61E-01,3.19E-01,0.598398034,6.03E-01
7.73E-01,5.98E-01,5.58E-01,3.17E-01,0.657385582,6.04E-01
7.73E-01,5.78E-01,5.51E-01,3.09E-01,0.623653864,5.99E-01
7.74E-01,5.74E-01,5.43E-01,3.08E-01,0.617200135,5.98E-01
7.74E-01,5.78E-01,5.39E-01,3.01E-01,0.627332106,5.96E-01
7.74E-01,5.65E-01,5.39E-01,2.85E-01,0.62138863,5.89E-01
7.75E-01,5.54E-01,5.38E-01,2.71E-01,0.582705819,5.83E-01
7.75E-01,5.45E-01,5.33E-01,2.56E-01,0.613020448,5.77E-01
7.75E-01,5.24E-01,5.16E-01,2.46E-01,0.596402607,5.70E-01
7.76E-01,5.23E-01,5.13E-01,2.26E-01,0.607092426,5.64E-01
7.76E-01,5.17E-01,5.28E-01,2.21E-01,0.623712275,5.61E-01
7.76E-01,5.13E-01,5.30E-01,2.17E-01,0.596757868,5.60E-01
7.77E-01,5.09E-01,5.27E-01,2.17E-01,0.62085937,5.59E-01
7.77E-01,5.24E-01,5.25E-01,2.25E-01,0.621506072,5.64E-01
7.77E-01,5.12E-01,5.25E-01,2.18E-01,0.572390732,5.60E-01
7.78E-01,5.17E-01,5.19E-01,2.10E-01,0.562907627,5.58E-01
7.78E-01,4.96E-01,5.18E-01,1.99E-01,0.58794449,5.51E-01
7.78E-01,4.98E-01,5.14E-01,1.91E-01,0.595789284,5.49E-01
7.79E-01,4.81E-01,5.05E-01,1.75E-01,0.580286212,5.41E-01
7.79E-01,4.69E-01,4.87E-01,1.67E-01,0.563193196,5.37E-01
7.79E-01,4.64E-01,4.75E-01,1.54E-01,0.548460293,5.32E-01
7.80E-01,4.63E-01,4.88E-01,1.53E-01,0.576796494,5.31E-01
7.80E-01,4.50E-01,5.03E-01,1.47E-01,0.58143204,5.27E-01
7.80E-01,4.60E-01,5.05E-01,1.56E-01,0.570468243,5.32E-01
7.81E-01,4.73E-01,5.03E-01,1.65E-01,0.567760904,5.37E-01
7.81E-01,4.74E-01,4.95E-01,1.69E-01,0.568610656,5.38E-01
7.82E-01,4.68E-01,4.89E-01,1.67E-01,0.572243776,5.37E-01
7.82E-01,4.81E-01,4.87E-01,1.69E-01,0.534210293,5.40E-01
7.82E-01,4.85E-01,4.88E-01,1.70E-01,0.55144872,5.41E-01
7.83E-01,4.82E-01,4.72E-01,1.74E-01,0.558468332,5.42E-01
7.83E-01,4.71E-01,4.25E-01,1.75E-01,0.547341198,5.41E-01
7.83E-01,4.66E-01,3.81E-01,1.75E-01,0.544577301,5.41E-01
7.84E-01,4.74E-01,4.47E-01,1.73E-01,0.540522628,5.40E-01
7.84E-01,4.85E-01,5.06E-01,1.76E-01,0.509048108,5.42E-01
7.84E-01,5.06E-01,5.05E-01,1.87E-01,0.52283545,5.49E-01
7.85E-01,5.07E-01,4.95E-01,1.92E-01,0.540863672,5.51E-01
7.85E-01,5.05E-01,4.87E-01,1.94E-01,0.533635447,5.52E-01
7.85E-01,5.00E-01,4.82E-01,1.99E-01,0.539014739,5.52E-01
7.86E-01,5.08E-01,4.75E-01,1.91E-01,0.523091967,5.51E-01
7.86E-01,5.05E-01,4.69E-01,1.91E-01,0.530452005,5.51E-01
7.86E-01,4.95E-01,4.65E-01,1.90E-01,0.517193923,5.49E-01
7.87E-01,4.81E-01,4.50E-01,1.93E-01,0.514270707,5.47E-01
7.87E-01,4.86E-01,4.37E-01,1.91E-01,0.564926542,5.48E-01
7.87E-01,4.94E-01,4.44E-01,1.97E-01,0.49568201,5.51E-01
7.88E-01,4.78E-01,4.57E-01,2.03E-01,0.530666336,5.50E-01
7.88E-01,4.84E-01,4.65E-01,2.18E-01,0.523302898,5.55E-01
7.88E-01,4.93E-01,4.64E-01,2.38E-01,0.536661733,5.63E-01
7.89E-01,5.07E-01,4.60E-01,2.51E-01,0.51383061,5.70E-01
7.89E-01,5.04E-01,4.61E-01,2.61E-01,0.533168462,5.72E-01
7.90E-01,5.02E-01,4.58E-01,2.63E-01,0.535104086,5.72E-01
7.90E-01,5.03E-01,4.58E-01,2.57E-01,0.556831103,5.71E-01
7.90E-01,4.83E-01,4.50E-01,2.45E-01,0.536891208,5.64E-01
7.91E-01,4.71E-01,4.45E-01,2.28E-01,0.533146828,5.56E-01
7.91E-01,4.73E-01,4.49E-01,2.16E-01,0.537238279,5.53E-01
7.91E-01,4.69E-01,4.43E-01,2.13E-01,0.550165825,5.51E-01
7.92E-01,4.73E-01,4.58E-01,2.21E-01,0.550102004,5.54E-01
7.92E-01,4.74E-01,4.62E-01,2.29E-01,0.555593638,5.57E-01
7.92E-01,4.78E-01,4.60E-01,2.38E-01,0.557695535,5.60E-01
7.93E-01,4.88E-01,4.58E-01,2.42E-01,0.580215437,5.64E-01
7.93E-01,4.78E-01,4.59E-01,2.40E-01,0.591302549,5.61E-01
7.93E-01,4.73E-01,4.54E-01,2.29E-01,0.563983918,5.57E-01
7.94E-01,4.65E-01,4.52E-01,2.14E-01,0.618011564,5.51E-01
7.94E-01,4.58E-01,4.55E-01,2.09E-01,0.58402472,5.48E-01
7.94E-01,4.57E-01,4.57E-01,2.04E-01,0.561491373,5.46E-01
7.95E-01,4.51E-01,4.52E-01,1.99E-01,0.590558494,5.44E-01
7.95E-01,4.49E-01,4.41E-01,1.94E-01,0.585934228,5.42E-01
7.95E-01,4.35E-01,4.50E-01,1.81E-01,0.549884583,5.35E-01
7.96E-01,4.47E-01,4.27E-01,1.82E-01,0.568531692,5.38E-01
7.96E-01,4.41E-01,4.26E-01,1.86E-01,0.56286575,5.38E-01
7.96E-01,4.47E-01,4.53E-01,1.90E-01,0.570013002,5.40E-01
7.97E-01,4.48E-01,4.63E-01,1.99E-01,0.552042419,5.43E-01
7.97E-01,4.57E-01,4.64E-01,2.07E-01,0.599028201,5.47E-01
7.97E-01,4.61E-01,4.58E-01,2.16E-01,0.557203516,5.51E-01
7.98E-01,4.59E-01,4.55E-01,2.19E-01,0.56897318,5.51E-01
7.98E-01,4.64E-01,4.52E-01,2.15E-01,0.580841896,5.51E-01
7.99E-01,4.71E-01,4.50E-01,2.09E-01,0.55762986,5.50E-01
7.99E-01,4.50E-01,4.50E-01,2.05E-01,0.570284045,5.45E-01
7.99E-01,4.40E-01,4.46E-01,1.83E-01,0.552030365,5.37E-01
8.00E-01,4.42E-01,4.44E-01,1.66E-01,0.57813842,5.32E-01
8.00E-01,4.45E-01,4.32E-01,1.58E-01,0.567103076,5.30E-01
8.00E-01,4.30E-01,3.98E-01,1.54E-01,0.595981517,5.27E-01
8.01E-01,4.24E-01,3.61E-01,1.55E-01,0.575585609,5.27E-01
8.01E-01,4.22E-01,3.15E-01,1.58E-01,0.569973288,5.28E-01
8.01E-01,4.23E-01,3.94E-01,1.61E-01,0.598904115,5.28E-01
8.02E-01,4.49E-01,4.65E-01,1.72E-01,0.549614776,5.35E-01
8.02E-01,4.57E-01,4.69E-01,1.93E-01,0.55211721,5.42E-01
8.02E-01,4.70E-01,4.61E-01,2.22E-01,0.568415023,5.54E-01
8.03E-01,4.74E-01,4.56E-01,2.43E-01,0.569859092,5.61E-01
8.03E-01,4.88E-01,4.53E-01,2.55E-01,0.57383851,5.67E-01
8.03E-01,4.96E-01,4.50E-01,2.65E-01,0.540069241,5.72E-01
8.04E-01,4.97E-01,4.45E-01,2.66E-01,0.532270497,5.72E-01
8.04E-01,4.90E-01,4.44E-01,2.57E-01,0.571441309,5.69E-01
8.04E-01,4.82E-01,4.45E-01,2.44E-01,0.533841897,5.63E-01
8.05E-01,4.76E-01,4.42E-01,2.29E-01,0.575671836,5.57E-01
8.05E-01,4.53E-01,4.33E-01,2.19E-01,0.528148912,5.50E-01
8.05E-01,4.59E-01,3.99E-01,2.05E-01,0.540153614,5.48E-01
8.06E-01,4.45E-01,3.69E-01,1.93E-01,0.547489082,5.42E-01
8.06E-01,4.56E-01,3.83E-01,1.90E-01,0.549399054,5.43E-01
8.07E-01,4.62E-01,4.44E-01,1.81E-01,0.559571975,5.40E-01
8.07E-01,4.62E-01,4.60E-01,1.91E-01,0.569888298,5.43E-01
8.07E-01,4.79E-01,4.55E-01,2.00E-01,0.595993879,5.49E-01
8.08E-01,4.90E-01,4.49E-01,2.06E-01,0.546571646,5.53E-01
8.08E-01,4.83E-01,4.45E-01,2.02E-01,0.581738161,5.50E-01
8.08E-01,4.86E-01,4.41E-01,1.92E-01,0.596844559,5.48E-01
8.09E-01,4.76E-01,4.39E-01,1.82E-01,0.619218895,5.43E-01
8.09E-01,4.66E-01,4.35E-01,1.65E-01,0.569132035,5.36E-01
8.09E-01,4.63E-01,4.33E-01,1.52E-01,0.560593717,5.32E-01
8.10E-01,4.47E-01,4.31E-01,1.29E-01,0.561319846,5.22E-01
8.10E-01,4.39E-01,4.30E-01,1.25E-01,0.543452025,5.19E-01
8.10E-01,4.36E-01,4.30E-01,1.27E-01,0.543250829,5.19E-01
8.11E-01,4.53E-01,4.27E-01,1.26E-01,0.568175967,5.22E-01
8.11E-01,4.43E-01,4.22E-01,1.23E-01,0.562771333,5.19E-01
8.11E-01,4.37E-01,4.20E-01,1.15E-01,0.565914906,5.16E-01
8.12E-01,4.28E-01,4.19E-01,1.09E-01,0.554534809,5.12E-01
8.12E-01,4.17E-01,4.13E-01,9.75E-02,0.554770465,5.07E-01
8.12E-01,4.12E-01,3.51E-01,9.19E-02,0.532247317,5.05E-01
8.13E-01,4.03E-01,2.81E-01,8.42E-02,0.583438129,5.02E-01
8.13E-01,3.94E-01,2.48E-01,8.43E-02,0.555575867,5.01E-01
8.13E-01,3.98E-01,2.23E-01,8.39E-02,0.53623987,5.02E-01
8.14E-01,4.12E-01,3.43E-01,7.88E-02,0.517338098,5.01E-01
8.14E-01,4.21E-01,4.43E-01,7.99E-02,0.520021949,5.02E-01
8.15E-01,4.32E-01,4.74E-01,8.75E-02,0.508910268,5.05E-01
8.15E-01,4.46E-01,4.66E-01,1.06E-01,0.534977218,5.14E-01
8.15E-01,4.55E-01,4.54E-01,1.22E-01,0.507212772,5.20E-01
8.16E-01,4.52E-01,4.45E-01,1.19E-01,0.536315898,5.19E-01
8.16E-01,4.46E-01,4.35E-01,1.13E-01,0.573442144,5.17E-01
8.16E-01,4.55E-01,4.30E-01,1.05E-01,0.537292209,5.16E-01
8.17E-01,4.46E-01,4.26E-01,9.17E-02,0.535925096,5.10E-01
8.17E-01,4.26E-01,4.20E-01,7.91E-02,0.529329665,5.03E-01
8.17E-01,4.15E-01,4.14E-01,7.33E-02,0.506202002,4.99E-01
8.18E-01,4.13E-01,4.11E-01,5.98E-02,0.503200903,4.97E-01
8.18E-01,3.88E-01,4.09E-01,5.22E-02,0.523108347,4.97E-01
8.18E-01,4.04E-01,3.96E-01,4.98E-02,0.517664153,4.97E-01
8.19E-01,3.89E-01,3.52E-01,3.82E-02,0.48271166,4.97E-01
8.19E-01,3.96E-01,3.14E-01,4.42E-02,0.520357431,4.97E-01
8.19E-01,3.92E-01,4.00E-01,4.81E-02,0.530751172,4.97E-01
8.20E-01,4.10E-01,4.21E-01,6.05E-02,0.496735431,4.97E-01
8.20E-01,4.22E-01,4.22E-01,7.23E-02,0.521910442,5.00E-01
8.20E-01,4.33E-01,4.19E-01,7.24E-02,0.467805686,5.02E-01
8.21E-01,4.26E-01,4.16E-01,5.89E-02,0.52988844,4.98E-01
8.21E-01,4.30E-01,4.12E-01,6.60E-02,0.442868185,4.99E-01
8.21E-01,4.31E-01,4.07E-01,6.53E-02,0.54921362,5.00E-01
8.22E-01,4.19E-01,4.08E-01,6.34E-02,0.523410141,4.98E-01
8.22E-01,4.15E-01,4.08E-01,5.81E-02,0.504500952,4.97E-01
8.23E-01,4.05E-01,4.06E-01,5.27E-02,0.471813537,4.97E-01
8.23E-01,4.12E-01,4.04E-01,4.90E-02,0.51508909,4.97E-01
8.23E-01,4.00E-01,3.54E-01,4.40E-02,0.49001035,4.97E-01
8.24E-01,3.89E-01,2.20E-01,4.08E-02,0.489412016,4.97E-01
8.24E-01,3.83E-01,2.18E-01,3.21E-02,0.513494974,4.97E-01
8.24E-01,4.14E-01,3.61E-01,4.19E-02,0.450138906,4.97E-01
8.25E-01,4.25E-01,4.43E-01,6.43E-02,0.499162301,4.98E-01
8.25E-01,4.33E-01,4.48E-01,9.66E-02,0.562081517,5.09E-01
8.25E-01,4.55E-01,4.40E-01,1.23E-01,0.493427903,5.21E-01
8.26E-01,4.76E-01,4.31E-01,1.32E-01,0.484285378,5.28E-01
8.26E-01,4.75E-01,4.26E-01,1.39E-01,0.459430241,5.29E-01
8.26E-01,4.82E-01,4.21E-01,1.46E-01,0.490121611,5.33E-01
8.27E-01,4.73E-01,4.19E-01,1.50E-01,0.486820418,5.33E-01
8.27E-01,4.72E-01,4.16E-01,1.49E-01,0.464727942,5.32E-01
8.27E-01,4.76E-01,4.13E-01,1.53E-01,0.485147029,5.34E-01
8.28E-01,4.65E-01,4.10E-01,1.59E-01,0.487168726,5.34E-01
8.28E-01,4.59E-01,3.86E-01,1.60E-01,0.505930649,5.34E-01
8.28E-01,4.54E-01,3.06E-01,1.63E-01,0.485452069,5.35E-01
8.29E-01,4.51E-01,2.14E-01,1.67E-01,0.470902901,5.37E-01
8.29E-01,4.65E-01,1.90E-01,1.72E-01,0.50303973,5.41E-01
8.29E-01,4.69E-01,3.23E-01,1.76E-01,0.49555916,5.41E-01
8.30E-01,4.81E-01,4.33E-01,1.94E-01,0.503670207,5.47E-01
8.30E-01,5.02E-01,4.58E-01,2.30E-01,0.518421961,5.62E-01
8.30E-01,5.15E-01,4.48E-01,2.61E-01,0.504611131,5.74E-01
8.31E-01,5.28E-01,4.36E-01,2.72E-01,0.546678116,5.79E-01
8.31E-01,5.25E-01,4.27E-01,2.73E-01,0.518052329,5.79E-01
8.32E-01,5.29E-01,4.22E-01,2.85E-01,0.567359284,5.84E-01
8.32E-01,5.51E-01,4.17E-01,2.96E-01,0.505561326,5.91E-01
8.32E-01,5.53E-01,4.22E-01,3.01E-01,0.512710124,5.93E-01
8.33E-01,5.63E-01,4.21E-01,3.00E-01,0.568710327,5.94E-01
8.33E-01,5.71E-01,4.21E-01,2.94E-01,0.517341343,5.94E-01
8.33E-01,5.69E-01,4.21E-01,2.91E-01,0.539399824,5.92E-01
8.34E-01,5.70E-01,4.18E-01,2.89E-01,0.524123136,5.92E-01
8.34E-01,5.82E-01,4.16E-01,2.97E-01,0.560409983,5.97E-01
8.34E-01,5.84E-01,4.14E-01,3.01E-01,0.560491574,5.98E-01
8.35E-01,5.81E-01,4.11E-01,2.91E-01,0.620622014,5.95E-01
8.35E-01,5.74E-01,4.04E-01,2.77E-01,0.580912825,5.89E-01
8.35E-01,5.65E-01,4.02E-01,2.75E-01,0.599907623,5.87E-01
8.36E-01,5.78E-01,3.86E-01,2.65E-01,0.575272071,5.87E-01
8.36E-01,5.56E-01,3.70E-01,2.62E-01,0.56918133,5.82E-01
8.36E-01,5.42E-01,3.63E-01,2.57E-01,0.589403239,5.78E-01
8.37E-01,5.34E-01,2.86E-01,2.43E-01,0.581506369,5.74E-01
8.37E-01,5.22E-01,1.79E-01,2.31E-01,0.594546875,5.70E-01
8.37E-01,5.22E-01,1.73E-01,2.20E-01,0.570692309,5.67E-01
8.38E-01,5.24E-01,2.78E-01,2.16E-01,0.591551649,5.64E-01
8.38E-01,5.30E-01,3.97E-01,2.20E-01,0.607916063,5.64E-01
8.38E-01,5.31E-01,4.60E-01,2.21E-01,0.570351574,5.64E-01
8.39E-01,5.21E-01,4.76E-01,2.12E-01,0.582738424,5.59E-01
8.39E-01,5.17E-01,4.67E-01,2.11E-01,0.566031112,5.58E-01
8.40E-01,5.26E-01,4.54E-01,2.05E-01,0.56476336,5.58E-01
8.40E-01,5.05E-01,4.42E-01,1.97E-01,0.530243392,5.52E-01
8.40E-01,4.83E-01,4.34E-01,1.81E-01,0.589470304,5.43E-01
8.41E-01,4.77E-01,4.26E-01,1.67E-01,0.556577676,5.38E-01
8.41E-01,4.60E-01,4.21E-01,1.57E-01,0.55405438,5.32E-01
8.41E-01,4.41E-01,4.10E-01,1.47E-01,0.596360267,5.26E-01
8.42E-01,4.36E-01,3.37E-01,1.39E-01,0.542766536,5.24E-01
8.42E-01,4.25E-01,3.08E-01,1.27E-01,0.549721555,5.18E-01
8.42E-01,4.21E-01,3.32E-01,1.32E-01,0.57703385,5.19E-01
8.43E-01,4.22E-01,3.80E-01,1.38E-01,0.554936274,5.20E-01
8.43E-01,4.25E-01,4.30E-01,1.34E-01,0.59145955,5.18E-01
8.43E-01,4.26E-01,4.40E-01,1.44E-01,0.568831168,5.22E-01
8.44E-01,4.33E-01,4.34E-01,1.56E-01,0.597659697,5.27E-01
8.44E-01,4.29E-01,4.24E-01,1.66E-01,0.548572481,5.29E-01
8.44E-01,4.35E-01,4.14E-01,1.76E-01,0.540960562,5.33E-01
8.45E-01,4.41E-01,4.10E-01,1.80E-01,0.508723598,5.36E-01
8.45E-01,4.36E-01,4.04E-01,1.84E-01,0.543865852,5.36E-01
8.45E-01,4.25E-01,4.02E-01,1.87E-01,0.558347491,5.35E-01
8.46E-01,4.21E-01,4.00E-01,1.85E-01,0.525863436,5.34E-01
8.46E-01,4.22E-01,3.96E-01,1.86E-01,0.558916001,5.34E-01
8.46E-01,4.03E-01,3.88E-01,1.85E-01,0.517693977,5.31E-01
8.47E-01,3.96E-01,3.61E-01,1.92E-01,0.584373181,5.32E-01
8.47E-01,3.90E-01,3.01E-01,2.01E-01,0.590274779,5.35E-01
8.48E-01,3.93E-01,3.66E-01,2.08E-01,0.532808874,5.36E-01
8.48E-01,4.02E-01,4.18E-01,2.20E-01,0.523922094,5.41E-01
8.48E-01,4.22E-01,4.18E-01,2.45E-01,0.540731087,5.52E-01
8.49E-01,4.24E-01,4.07E-01,2.75E-01,0.574925927,5.62E-01
8.49E-01,4.46E-01,4.00E-01,3.03E-01,0.579034685,5.74E-01
8.49E-01,4.61E-01,3.90E-01,3.24E-01,0.59930048,5.83E-01
8.50E-01,4.66E-01,3.84E-01,3.33E-01,0.533251598,5.87E-01
8.50E-01,4.64E-01,3.83E-01,3.42E-01,0.565536466,5.89E-01
8.50E-01,4.74E-01,3.81E-01,3.42E-01,0.573545678,5.91E-01
8.51E-01,4.56E-01,3.78E-01,3.48E-01,0.563072818,5.90E-01
8.51E-01,4.46E-01,3.76E-01,3.58E-01,0.594157617,5.91E-01
8.51E-01,4.36E-01,3.60E-01,3.67E-01,0.571738004,5.93E-01
8.52E-01,4.32E-01,3.28E-01,3.75E-01,0.585584376,5.95E-01
8.52E-01,4.23E-01,2.84E-01,3.76E-01,0.654679015,5.94E-01
8.52E-01,4.20E-01,2.94E-01,3.76E-01,0.563533467,5.93E-01
8.53E-01,4.26E-01,3.60E-01,3.75E-01,0.6413908,5.93E-01
8.53E-01,4.39E-01,3.86E-01,3.88E-01,0.634338273,5.99E-01
8.53E-01,4.48E-01,3.85E-01,3.94E-01,0.619591927,6.02E-01
8.54E-01,4.54E-01,3.80E-01,4.07E-01,0.614504849,6.07E-01
8.54E-01,4.66E-01,3.73E-01,4.16E-01,0.654510579,6.12E-01
8.54E-01,4.54E-01,3.68E-01,4.16E-01,0.663890459,6.10E-01
8.55E-01,4.61E-01,3.65E-01,4.11E-01,0.672122965,6.10E-01
8.55E-01,4.42E-01,3.62E-01,4.06E-01,0.690277901,6.05E-01
8.56E-01,4.40E-01,3.61E-01,4.05E-01,0.684224092,6.04E-01
8.56E-01,4.34E-01,3.58E-01,3.91E-01,0.676890942,5.99E-01
8.56E-01,4.32E-01,3.55E-01,3.86E-01,0.712849416,5.98E-01
8.57E-01,4.25E-01,3.00E-01,3.81E-01,0.696989074,5.96E-01
8.57E-01,4.16E-01,2.03E-01,3.70E-01,0.70325505,5.92E-01
8.57E-01,4.03E-01,1.81E-01,3.77E-01,0.684777922,5.92E-01
8.58E-01,4.16E-01,3.19E-01,3.75E-01,0.67646228,5.92E-01
8.58E-01,4.45E-01,3.92E-01,4.00E-01,0.666330928,6.03E-01
8.58E-01,4.56E-01,3.95E-01,4.25E-01,0.662223869,6.13E-01
8.59E-01,4.66E-01,3.82E-01,4.33E-01,0.692543134,6.17E-01
8.59E-01,4.55E-01,3.73E-01,4.29E-01,0.687847013,6.14E-01
8.59E-01,4.69E-01,3.68E-01,4.36E-01,0.728755808,6.18E-01
8.60E-01,4.85E-01,3.63E-01,4.33E-01,0.713826654,6.21E-01
8.60E-01,4.86E-01,3.62E-01,4.38E-01,0.705320787,6.22E-01
8.60E-01,4.89E-01,3.63E-01,4.41E-01,0.71832467,6.23E-01
8.61E-01,4.80E-01,3.58E-01,4.38E-01,0.720690656,6.21E-01
8.61E-01,4.87E-01,3.55E-01,4.40E-01,0.684509506,6.23E-01
8.61E-01,4.70E-01,3.53E-01,4.31E-01,0.667266134,6.18E-01
8.62E-01,4.55E-01,3.51E-01,4.27E-01,0.669172089,6.14E-01
8.62E-01,4.54E-01,3.26E-01,4.34E-01,0.676806261,6.16E-01
8.62E-01,4.35E-01,2.63E-01,4.47E-01,0.70309125,6.18E-01
8.63E-01,4.31E-01,2.58E-01,4.55E-01,0.678956525,6.19E-01
8.63E-01,4.59E-01,3.66E-01,4.68E-01,0.683022788,6.26E-01
8.63E-01,4.54E-01,3.86E-01,4.93E-01,0.702537265,6.33E-01
8.64E-01,4.74E-01,3.79E-01,5.29E-01,0.689796545,6.46E-01
8.64E-01,4.78E-01,3.69E-01,5.57E-01,0.703828196,6.55E-01
8.65E-01,4.91E-01,3.64E-01,5.80E-01,0.67974292,6.64E-01
8.65E-01,4.86E-01,3.60E-01,5.93E-01,0.673865429,6.67E-01
8.65E-01,4.76E-01,3.55E-01,6.01E-01,0.713045976,6.68E-01
8.66E-01,4.70E-01,3.51E-01,6.06E-01,0.732282612,6.68E-01
8.66E-01,4.60E-01,3.52E-01,6.22E-01,0.647719515,6.71E-01
8.66E-01,4.55E-01,3.51E-01,6.36E-01,0.700553583,6.74E-01
8.67E-01,4.47E-01,3.50E-01,6.41E-01,0.699570009,6.74E-01
8.67E-01,4.45E-01,3.48E-01,6.47E-01,0.717899253,6.76E-01
8.67E-01,4.45E-01,3.48E-01,6.47E-01,0.796984778,6.76E-01
8.67E-01,4.40E-01,3.45E-01,6.45E-01,0.694727704,6.74E-01
8.68E-01,4.46E-01,3.37E-01,6.51E-01,0.767866508,6.77E-01
8.68E-01,4.26E-01,3.06E-01,6.56E-01,0.753937927,6.76E-01
8.68E-01,4.29E-01,3.13E-01,6.59E-01,0.727009635,6.77E-01
8.69E-01,4.42E-01,3.38E-01,6.58E-01,0.817177945,6.78E-01
8.69E-01,4.42E-01,3.46E-01,6.63E-01,0.790295394,6.80E-01
8.69E-01,4.50E-01,3.45E-01,6.65E-01,0.782357882,6.81E-01
8.70E-01,4.59E-01,3.45E-01,6.70E-01,0.836613922,6.84E-01
8.70E-01,4.79E-01,3.43E-01,6.71E-01,0.857209945,6.88E-01
8.70E-01,4.82E-01,3.40E-01,6.63E-01,0.859339502,6.86E-01
8.71E-01,4.86E-01,3.36E-01,6.52E-01,0.860510364,6.84E-01
8.71E-01,4.75E-01,3.31E-01,6.39E-01,0.87629097,6.78E-01
8.71E-01,4.66E-01,3.31E-01,6.30E-01,0.879840799,6.75E-01
8.72E-01,4.68E-01,3.31E-01,6.25E-01,0.919661558,6.73E-01
8.72E-01,4.69E-01,3.04E-01,6.27E-01,0.909969376,6.74E-01
8.73E-01,4.73E-01,2.06E-01,6.39E-01,0.929535002,6.80E-01
8.73E-01,4.77E-01,1.24E-01,6.51E-01,0.902895215,6.85E-01
8.73E-01,4.81E-01,1.43E-01,6.57E-01,0.899058736,6.87E-01
8.74E-01,5.07E-01,2.86E-01,6.56E-01,0.870896071,6.89E-01
8.74E-01,5.43E-01,3.70E-01,6.61E-01,0.896090089,6.94E-01
8.74E-01,5.55E-01,3.71E-01,6.73E-01,0.894675999,7.00E-01
8.75E-01,5.80E-01,3.60E-01,6.89E-01,0.901089395,7.08E-01
8.75E-01,5.97E-01,3.54E-01,7.03E-01,0.878852743,7.14E-01
8.75E-01,6.06E-01,3.47E-01,7.13E-01,0.894985828,7.18E-01
8.76E-01,6.27E-01,3.43E-01,7.17E-01,0.865229819,7.22E-01
8.76E-01,6.27E-01,3.42E-01,7.15E-01,0.894640612,7.22E-01
8.76E-01,6.17E-01,3.41E-01,7.10E-01,0.895489282,7.19E-01
8.77E-01,6.15E-01,3.37E-01,7.06E-01,0.905029099,7.18E-01
8.77E-01,6.09E-01,3.36E-01,6.95E-01,0.866550111,7.14E-01
8.77E-01,6.02E-01,3.35E-01,6.80E-01,0.879240146,7.09E-01
8.78E-01,6.01E-01,3.34E-01,6.65E-01,0.824329215,7.05E-01
8.78E-01,5.84E-01,3.33E-01,6.54E-01,0.841889062,6.99E-01
8.78E-01,5.85E-01,3.29E-01,6.46E-01,0.870222326,6.98E-01
8.79E-01,5.84E-01,3.25E-01,6.38E-01,0.870672931,6.95E-01
8.79E-01,5.76E-01,2.61E-01,6.37E-01,0.845475823,6.95E-01
8.79E-01,5.77E-01,1.90E-01,6.23E-01,0.824187358,6.92E-01
8.80E-01,5.75E-01,2.26E-01,6.16E-01,0.852053483,6.89E-01
8.80E-01,6.00E-01,3.48E-01,6.15E-01,0.805794139,6.91E-01
8.81E-01,6.05E-01,3.75E-01,6.16E-01,0.827088012,6.92E-01
8.81E-01,6.01E-01,3.64E-01,6.30E-01,0.840258477,6.95E-01
8.81E-01,6.27E-01,3.54E-01,6.51E-01,0.779394489,7.05E-01
8.82E-01,6.38E-01,3.50E-01,6.61E-01,0.780737497,7.09E-01
8.82E-01,6.56E-01,3.48E-01,6.60E-01,0.795651352,7.12E-01
8.82E-01,6.59E-01,3.42E-01,6.65E-01,0.828240331,7.14E-01
8.83E-01,6.63E-01,3.42E-01,6.64E-01,0.7941362,7.14E-01
8.83E-01,6.67E-01,3.42E-01,6.55E-01,0.81303519,7.12E-01
8.83E-01,6.70E-01,3.41E-01,6.44E-01,0.834878103,7.10E-01
8.84E-01,6.56E-01,3.38E-01,6.28E-01,0.804009335,7.04E-01
8.84E-01,6.40E-01,3.36E-01,6.13E-01,0.777539529,6.97E-01
8.84E-01,6.37E-01,3.34E-01,5.99E-01,0.797896805,6.93E-01
8.85E-01,6.46E-01,3.35E-01,5.95E-01,0.743638139,6.93E-01
8.85E-01,6.27E-01,3.33E-01,5.83E-01,0.799954198,6.87E-01
8.85E-01,6.23E-01,3.32E-01,5.70E-01,0.791452349,6.83E-01
8.86E-01,6.22E-01,3.17E-01,5.63E-01,0.753376834,6.81E-01
8.86E-01,6.11E-01,2.39E-01,5.65E-01,0.792501906,6.81E-01
8.86E-01,6.07E-01,1.90E-01,5.69E-01,0.727529315,6.82E-01
8.87E-01,6.16E-01,2.97E-01,5.63E-01,0.739606645,6.80E-01
8.87E-01,6.34E-01,3.85E-01,5.65E-01,0.782472543,6.82E-01
8.87E-01,6.34E-01,3.88E-01,5.84E-01,0.789371931,6.87E-01
8.88E-01,6.58E-01,3.76E-01,5.96E-01,0.757595771,6.95E-01
8.88E-01,6.74E-01,3.66E-01,6.04E-01,0.739860844,6.99E-01
8.89E-01,6.77E-01,3.63E-01,5.97E-01,0.736208254,6.98E-01
8.89E-01,6.84E-01,3.60E-01,5.90E-01,0.724231986,6.97E-01
8.89E-01,6.69E-01,3.58E-01,5.82E-01,0.765795054,6.93E-01
8.90E-01,6.48E-01,3.58E-01,5.66E-01,0.7602311,6.85E-01
8.90E-01,6.48E-01,3.58E-01,5.49E-01,0.706706753,6.81E-01
8.90E-01,6.35E-01,3.55E-01,5.38E-01,0.812239677,6.75E-01
8.91E-01,6.23E-01,3.52E-01,5.28E-01,0.708239676,6.71E-01
8.91E-01,6.12E-01,3.47E-01,5.17E-01,0.715976764,6.66E-01
8.91E-01,6.15E-01,2.97E-01,5.09E-01,0.742909537,6.65E-01
8.92E-01,6.01E-01,2.82E-01,4.98E-01,0.740453152,6.60E-01
8.92E-01,6.11E-01,3.12E-01,4.93E-01,0.718233807,6.59E-01
8.92E-01,6.04E-01,3.53E-01,4.96E-01,0.711042669,6.58E-01
8.93E-01,6.18E-01,3.62E-01,4.98E-01,0.685636946,6.61E-01
8.93E-01,6.15E-01,3.53E-01,4.95E-01,0.690699918,6.60E-01
8.93E-01,6.21E-01,3.47E-01,4.93E-01,0.708747148,6.60E-01
8.94E-01,6.28E-01,3.44E-01,4.93E-01,0.687342478,6.62E-01
8.94E-01,6.26E-01,3.42E-01,4.93E-01,0.699645573,6.61E-01
8.94E-01,6.22E-01,3.39E-01,4.93E-01,0.722142915,6.61E-01
8.95E-01,6.19E-01,3.35E-01,4.98E-01,0.695331138,6.62E-01
8.95E-01,6.07E-01,3.35E-01,4.94E-01,0.716700266,6.58E-01
8.95E-01,6.16E-01,3.33E-01,4.84E-01,0.705949873,6.57E-01
8.96E-01,6.01E-01,3.19E-01,4.87E-01,0.669279177,6.56E-01
8.96E-01,6.10E-01,2.71E-01,4.88E-01,0.687240025,6.58E-01
8.96E-01,5.85E-01,2.42E-01,4.84E-01,0.625348114,6.53E-01
8.97E-01,5.91E-01,3.42E-01,4.85E-01,0.626984725,6.53E-01
8.97E-01,6.08E-01,3.61E-01,4.94E-01,0.686106249,6.58E-01
8.98E-01,6.27E-01,3.56E-01,5.16E-01,0.640123357,6.68E-01
8.98E-01,6.47E-01,3.49E-01,5.18E-01,0.658341495,6.72E-01
8.98E-01,6.46E-01,3.45E-01,5.06E-01,0.649725295,6.68E-01
8.99E-01,6.21E-01,3.44E-01,4.88E-01,0.655645591,6.59E-01
8.99E-01,6.13E-01,3.41E-01,4.75E-01,0.673463963,6.54E-01
8.99E-01,6.07E-01,3.28E-01,4.61E-01,0.671159789,6.49E-01
9.00E-01,5.98E-01,3.29E-01,4.49E-01,0.68273212,6.44E-01
9.00E-01,5.95E-01,3.34E-01,4.48E-01,0.632884933,6.43E-01
9.00E-01,5.94E-01,3.33E-01,4.49E-01,0.664546124,6.44E-01
9.01E-01,5.77E-01,3.31E-01,4.51E-01,0.67042686,6.41E-01
9.01E-01,5.82E-01,3.30E-01,4.46E-01,0.67016308,6.41E-01
9.01E-01,5.82E-01,3.30E-01,4.43E-01,0.661381843,6.40E-01
9.02E-01,5.86E-01,3.31E-01,4.44E-01,0.659118155,6.40E-01
9.02E-01,5.83E-01,3.33E-01,4.41E-01,0.681078819,6.39E-01
9.02E-01,5.70E-01,3.32E-01,4.46E-01,0.634543333,6.38E-01
9.03E-01,5.65E-01,3.31E-01,4.47E-01,0.626680304,6.38E-01
9.03E-01,5.68E-01,3.29E-01,4.51E-01,0.630190419,6.40E-01
9.03E-01,5.58E-01,3.31E-01,4.49E-01,0.634024117,6.37E-01
9.04E-01,5.48E-01,3.30E-01,4.44E-01,0.618433582,6.34E-01
9.04E-01,5.43E-01,3.34E-01,4.32E-01,0.625063473,6.30E-01
9.04E-01,5.30E-01,3.33E-01,4.16E-01,0.589851062,6.23E-01
9.05E-01,5.18E-01,2.88E-01,4.07E-01,0.599555298,6.19E-01
9.05E-01,5.12E-01,2.14E-01,4.03E-01,0.612802099,6.18E-01
9.06E-01,5.22E-01,1.87E-01,3.98E-01,0.624483682,6.18E-01
9.06E-01,5.24E-01,2.85E-01,3.98E-01,0.618695198,6.17E-01
9.06E-01,5.24E-01,3.44E-01,4.02E-01,0.676518374,6.17E-01
9.07E-01,5.35E-01,3.54E-01,4.10E-01,0.617263646,6.21E-01
9.07E-01,5.52E-01,3.51E-01,4.29E-01,0.610335515,6.30E-01
9.07E-01,5.68E-01,3.46E-01,4.23E-01,0.605239629,6.31E-01
9.08E-01,5.75E-01,3.44E-01,4.15E-01,0.631659985,6.30E-01
9.08E-01,5.51E-01,3.45E-01,4.00E-01,0.631537908,6.21E-01
9.08E-01,5.55E-01,3.44E-01,3.88E-01,0.618322321,6.19E-01
9.09E-01,5.41E-01,3.45E-01,3.82E-01,0.640626193,6.14E-01
9.09E-01,5.47E-01,3.43E-01,3.72E-01,0.612763467,6.12E-01
9.09E-01,5.31E-01,3.44E-01,3.59E-01,0.716209638,6.06E-01
9.10E-01,5.21E-01,3.45E-01,3.49E-01,0.623884266,6.01E-01
9.10E-01,5.19E-01,3.43E-01,3.44E-01,0.570638224,5.99E-01
9.10E-01,5.03E-01,3.41E-01,3.49E-01,0.581023003,5.98E-01
9.11E-01,5.02E-01,3.38E-01,3.64E-01,0.680683535,6.02E-01
9.11E-01,4.97E-01,3.35E-01,3.71E-01,0.590130295,6.04E-01
9.11E-01,4.93E-01,2.93E-01,3.88E-01,0.609544948,6.09E-01
9.12E-01,4.84E-01,2.42E-01,4.11E-01,0.641113421,6.15E-01
9.12E-01,4.85E-01,2.88E-01,4.20E-01,0.540074495,6.17E-01
9.12E-01,5.06E-01,3.61E-01,4.40E-01,0.592539858,6.25E-01
9.13E-01,5.22E-01,3.66E-01,4.64E-01,0.621895947,6.35E-01
9.13E-01,5.37E-01,3.59E-01,4.84E-01,0.600060915,6.43E-01
9.14E-01,5.40E-01,3.52E-01,4.92E-01,0.54106425,6.46E-01
9.14E-01,5.32E-01,3.47E-01,4.97E-01,0.545207314,6.46E-01
9.14E-01,5.38E-01,3.47E-01,5.08E-01,0.555919848,6.50E-01
9.15E-01,5.37E-01,3.44E-01,5.10E-01,0.573477686,6.51E-01
9.15E-01,5.31E-01,3.40E-01,5.06E-01,0.559419609,6.49E-01
9.15E-01,5.25E-01,3.40E-01,5.09E-01,0.557294379,6.49E-01
9.16E-01,5.22E-01,3.38E-01,5.08E-01,0.613382817,6.48E-01
9.16E-01,5.19E-01,3.36E-01,5.07E-01,0.610031712,6.47E-01
9.16E-01,5.17E-01,3.34E-01,5.06E-01,0.620503955,6.47E-01
9.17E-01,5.15E-01,3.26E-01,5.12E-01,0.625774613,6.48E-01
9.17E-01,5.16E-01,2.91E-01,5.21E-01,0.627127819,6.52E-01
9.17E-01,5.23E-01,2.48E-01,5.29E-01,0.607404264,6.56E-01
9.18E-01,5.35E-01,2.87E-01,5.34E-01,0.644040036,6.58E-01
9.18E-01,5.52E-01,3.42E-01,5.34E-01,0.610957802,6.60E-01
9.18E-01,5.54E-01,3.45E-01,5.45E-01,0.643577842,6.64E-01
9.19E-01,5.75E-01,3.38E-01,5.61E-01,0.626204666,6.72E-01
9.19E-01,5.84E-01,3.32E-01,5.78E-01,0.651847589,6.78E-01
9.19E-01,6.03E-01,3.33E-01,5.91E-01,0.660492377,6.85E-01
9.20E-01,5.97E-01,3.31E-01,5.87E-01,0.67361741,6.82E-01
9.20E-01,6.09E-01,3.30E-01,5.90E-01,0.679187854,6.85E-01
9.20E-01,6.02E-01,3.28E-01,5.81E-01,0.688411351,6.82E-01
9.21E-01,5.91E-01,3.24E-01,5.77E-01,0.677826303,6.79E-01
9.21E-01,6.03E-01,3.25E-01,5.79E-01,0.708468378,6.81E-01
9.22E-01,5.94E-01,3.25E-01,5.86E-01,0.652993263,6.82E-01
9.22E-01,5.91E-01,3.23E-01,5.95E-01,0.659135772,6.84E-01
9.22E-01,5.79E-01,3.23E-01,6.01E-01,0.660544917,6.84E-01
9.23E-01,5.82E-01,3.18E-01,5.98E-01,0.656112421,6.83E-01
9.23E-01,5.85E-01,3.12E-01,5.98E-01,0.688295146,6.84E-01
9.23E-01,5.83E-01,2.95E-01,6.01E-01,0.674407515,6.85E-01
9.24E-01,5.83E-01,3.10E-01,6.06E-01,0.568845694,6.86E-01
9.24E-01,6.09E-01,3.19E-01,6.07E-01,0.652436343,6.90E-01
9.24E-01,6.11E-01,3.15E-01,6.09E-01,0.649180736,6.91E-01
9.25E-01,6.10E-01,3.11E-01,6.17E-01,0.655924051,6.93E-01
9.25E-01,6.13E-01,3.08E-01,6.17E-01,0.69897322,6.94E-01
9.25E-01,6.15E-01,3.03E-01,6.05E-01,0.66431634,6.91E-01
9.26E-01,6.03E-01,3.02E-01,5.92E-01,0.675784673,6.85E-01
9.26E-01,6.11E-01,3.01E-01,5.89E-01,0.62848906,6.86E-01
9.26E-01,6.14E-01,3.02E-01,5.83E-01,0.672524585,6.84E-01
9.27E-01,6.13E-01,2.99E-01,5.89E-01,0.65583257,6.86E-01
9.27E-01,6.10E-01,2.98E-01,5.87E-01,0.659004731,6.85E-01
9.27E-01,6.05E-01,2.99E-01,5.80E-01,0.69464364,6.82E-01
9.28E-01,5.97E-01,2.82E-01,5.71E-01,0.646847201,6.79E-01
9.28E-01,5.91E-01,2.39E-01,5.61E-01,0.721919003,6.76E-01
9.28E-01,5.97E-01,1.85E-01,5.62E-01,0.658980779,6.77E-01
9.29E-01,6.04E-01,2.26E-01,5.60E-01,0.684013315,6.77E-01
9.29E-01,6.18E-01,3.16E-01,5.65E-01,0.626403698,6.80E-01
9.29E-01,6.34E-01,3.29E-01,5.82E-01,0.645285845,6.87E-01
9.30E-01,6.55E-01,3.22E-01,6.03E-01,0.690629917,6.96E-01
9.30E-01,6.58E-01,3.15E-01,6.14E-01,0.681889012,7.00E-01
9.31E-01,6.73E-01,3.11E-01,6.19E-01,0.646832521,7.03E-01
9.31E-01,6.67E-01,3.08E-01,6.17E-01,0.660308334,7.02E-01
9.31E-01,6.79E-01,3.03E-01,6.15E-01,0.633689872,7.03E-01
9.32E-01,6.63E-01,2.99E-01,6.09E-01,0.640319454,6.99E-01
9.32E-01,6.54E-01,2.95E-01,5.96E-01,0.633180546,6.94E-01
9.32E-01,6.40E-01,2.91E-01,5.93E-01,0.638922052,6.91E-01
9.33E-01,6.48E-01,2.90E-01,5.84E-01,0.641624138,6.90E-01
9.33E-01,6.40E-01,2.88E-01,5.74E-01,0.585247813,6.86E-01
9.33E-01,6.26E-01,2.66E-01,5.67E-01,0.592317955,6.82E-01
9.34E-01,6.19E-01,2.34E-01,5.61E-01,0.609202667,6.80E-01
9.34E-01,6.16E-01,2.28E-01,5.54E-01,0.590537787,6.78E-01
9.34E-01,6.17E-01,2.50E-01,5.48E-01,0.621217876,6.76E-01
9.35E-01,6.21E-01,3.18E-01,5.43E-01,0.578781722,6.74E-01
9.35E-01,6.35E-01,3.22E-01,5.45E-01,0.61427352,6.77E-01
9.35E-01,6.41E-01,3.12E-01,5.54E-01,0.617140796,6.80E-01
9.36E-01,6.56E-01,3.03E-01,5.61E-01,0.608857296,6.85E-01
9.36E-01,6.58E-01,2.96E-01,5.69E-01,0.587162575,6.88E-01
9.36E-01,6.56E-01,2.93E-01,5.66E-01,0.589395358,6.87E-01
9.37E-01,6.49E-01,2.92E-01,5.62E-01,0.634634814,6.84E-01
9.37E-01,6.34E-01,2.88E-01,5.53E-01,0.594742662,6.79E-01
9.37E-01,6.31E-01,2.88E-01,5.39E-01,0.598144298,6.75E-01
9.38E-01,6.34E-01,2.87E-01,5.37E-01,0.597203529,6.75E-01
9.38E-01,6.13E-01,2.84E-01,5.34E-01,0.58189578,6.71E-01
9.39E-01,6.08E-01,2.79E-01,5.29E-01,0.60527687,6.68E-01
9.39E-01,5.96E-01,2.59E-01,5.28E-01,0.571437446,6.67E-01
9.39E-01,5.86E-01,2.48E-01,5.31E-01,0.62307979,6.66E-01
9.40E-01,5.88E-01,2.52E-01,5.32E-01,0.627978035,6.66E-01
9.40E-01,5.81E-01,2.79E-01,5.29E-01,0.538711399,6.64E-01
9.40E-01,5.97E-01,2.87E-01,5.35E-01,0.571681137,6.68E-01
9.41E-01,6.02E-01,2.85E-01,5.43E-01,0.564650708,6.72E-01
9.41E-01,5.94E-01,2.81E-01,5.34E-01,0.570167994,6.68E-01
9.41E-01,5.89E-01,2.78E-01,5.31E-01,0.546838517,6.66E-01
9.42E-01,5.76E-01,2.76E-01,5.27E-01,0.566466882,6.63E-01
9.42E-01,5.77E-01,2.75E-01,5.32E-01,0.57794835,6.64E-01
9.42E-01,5.86E-01,2.72E-01,5.32E-01,0.487376721,6.66E-01
9.43E-01,5.77E-01,2.69E-01,5.25E-01,0.575212886,6.63E-01
9.43E-01,5.67E-01,2.67E-01,5.24E-01,0.537951273,6.61E-01
9.43E-01,5.69E-01,2.64E-01,5.22E-01,0.528343,6.60E-01
9.44E-01,5.57E-01,2.61E-01,5.13E-01,0.561589808,6.56E-01
9.44E-01,5.58E-01,2.60E-01,5.00E-01,0.521700747,6.52E-01
9.44E-01,5.46E-01,2.59E-01,4.86E-01,0.567990069,6.46E-01
9.45E-01,5.50E-01,2.39E-01,4.77E-01,0.60048216,6.45E-01
9.45E-01,5.32E-01,2.00E-01,4.75E-01,0.565454102,6.42E-01
9.45E-01,5.40E-01,2.15E-01,4.81E-01,0.55011993,6.44E-01
9.46E-01,5.52E-01,2.73E-01,4.83E-01,0.576584481,6.46E-01
9.46E-01,5.54E-01,2.75E-01,4.90E-01,0.530385249,6.48E-01
9.47E-01,5.65E-01,2.74E-01,4.98E-01,0.545123405,6.53E-01
9.47E-01,5.72E-01,2.72E-01,5.05E-01,0.530876804,6.56E-01
9.47E-01,5.82E-01,2.72E-01,5.07E-01,0.575863915,6.58E-01
9.48E-01,5.73E-01,2.72E-01,5.05E-01,0.54550509,6.56E-01
9.48E-01,5.71E-01,2.70E-01,5.04E-01,0.566259505,6.56E-01
9.48E-01,5.77E-01,2.65E-01,5.03E-01,0.553968153,6.56E-01
9.49E-01,5.60E-01,2.61E-01,4.96E-01,0.5737597,6.51E-01
9.49E-01,5.55E-01,2.57E-01,4.94E-01,0.58355279,6.50E-01
9.49E-01,5.49E-01,2.57E-01,4.93E-01,0.574241056,6.49E-01
9.50E-01,5.51E-01,2.38E-01,4.93E-01,0.520721036,6.49E-01
9.50E-01,5.41E-01,1.78E-01,4.87E-01,0.543488493,6.47E-01
9.50E-01,5.39E-01,1.49E-01,4.84E-01,0.544635249,6.46E-01
9.51E-01,5.30E-01,1.18E-01,4.85E-01,0.519072681,6.45E-01
9.51E-01,5.25E-01,8.49E-02,4.92E-01,0.554509775,6.47E-01
9.51E-01,5.36E-01,1.77E-01,4.95E-01,0.505688658,6.48E-01
9.51E-01,5.36E-01,1.77E-01,4.95E-01,0.554870754,6.48E-01
9.52E-01,5.63E-01,2.91E-01,4.91E-01,0.538905796,6.50E-01
9.52E-01,5.81E-01,3.32E-01,4.96E-01,0.521064553,6.54E-01
9.52E-01,5.62E-01,3.26E-01,5.07E-01,0.508842894,6.54E-01
9.53E-01,5.78E-01,3.10E-01,5.21E-01,0.552941156,6.61E-01
9.53E-01,5.81E-01,2.90E-01,5.39E-01,0.526460688,6.66E-01
9.53E-01,5.70E-01,2.77E-01,5.50E-01,0.539308806,6.68E-01
9.54E-01,5.62E-01,2.69E-01,5.53E-01,0.532398755,6.68E-01
9.54E-01,5.52E-01,2.63E-01,5.55E-01,0.562255826,6.67E-01
9.54E-01,5.64E-01,2.59E-01,5.64E-01,0.523585377,6.71E-01
9.55E-01,5.55E-01,2.17E-01,5.69E-01,0.525096202,6.72E-01
9.55E-01,5.38E-01,1.71E-01,5.64E-01,0.515389957,6.68E-01
9.56E-01,5.34E-01,1.41E-01,5.68E-01,0.560834009,6.69E-01
9.56E-01,5.41E-01,1.73E-01,5.79E-01,0.530918218,6.73E-01
9.56E-01,5.47E-01,2.54E-01,5.87E-01,0.509014266,6.75E-01
9.57E-01,5.55E-01,2.79E-01,5.97E-01,0.530554767,6.79E-01
9.57E-01,5.53E-01,2.78E-01,6.09E-01,0.553943892,6.82E-01
9.57E-01,5.52E-01,2.70E-01,6.32E-01,0.505184586,6.88E-01
9.58E-01,5.55E-01,2.66E-01,6.65E-01,0.54974288,6.98E-01
9.58E-01,5.52E-01,2.64E-01,6.84E-01,0.545834854,7.02E-01
9.58E-01,5.40E-01,2.61E-01,6.88E-01,0.549884274,7.01E-01
9.59E-01,5.44E-01,2.59E-01,6.91E-01,0.528555013,7.03E-01
9.59E-01,5.37E-01,2.59E-01,6.94E-01,0.581525067,7.02E-01
9.59E-01,5.36E-01,2.58E-01,6.89E-01,0.52474774,7.01E-01
9.60E-01,5.37E-01,2.43E-01,6.88E-01,0.522081969,7.01E-01
9.60E-01,5.32E-01,2.37E-01,6.85E-01,0.580147909,7.00E-01
9.60E-01,5.30E-01,2.53E-01,6.90E-01,0.550001715,7.00E-01
9.61E-01,5.49E-01,2.61E-01,6.93E-01,0.565642163,7.04E-01
9.61E-01,5.41E-01,2.61E-01,6.93E-01,0.541414566,7.03E-01
9.61E-01,5.47E-01,2.60E-01,6.90E-01,0.569456236,7.03E-01
9.62E-01,5.38E-01,2.56E-01,6.81E-01,0.561589962,6.99E-01
9.62E-01,5.44E-01,2.56E-01,6.79E-01,0.582187376,6.99E-01
9.62E-01,5.44E-01,2.55E-01,6.75E-01,0.528147676,6.99E-01
9.63E-01,5.41E-01,2.56E-01,6.69E-01,0.566338469,6.97E-01
9.63E-01,5.35E-01,2.57E-01,6.58E-01,0.558441599,6.92E-01
9.64E-01,5.31E-01,2.57E-01,6.50E-01,0.569488532,6.90E-01
9.64E-01,5.27E-01,2.54E-01,6.47E-01,0.609824026,6.88E-01
9.64E-01,5.19E-01,2.45E-01,6.52E-01,0.561700605,6.88E-01
9.65E-01,5.24E-01,2.37E-01,6.53E-01,0.575330019,6.90E-01
9.65E-01,5.20E-01,2.33E-01,6.58E-01,0.602588229,6.90E-01
9.65E-01,5.23E-01,2.58E-01,6.58E-01,0.574266399,6.91E-01
9.66E-01,5.31E-01,2.61E-01,6.60E-01,0.582712464,6.92E-01
9.66E-01,5.26E-01,2.59E-01,6.60E-01,0.515823255,6.92E-01
9.66E-01,5.46E-01,2.60E-01,6.57E-01,0.558638468,6.94E-01
9.67E-01,5.43E-01,2.58E-01,6.50E-01,0.576450969,6.91E-01
9.67E-01,5.40E-01,2.58E-01,6.39E-01,0.583423913,6.88E-01
9.67E-01,5.44E-01,2.58E-01,6.30E-01,0.56776044,6.86E-01
9.68E-01,5.46E-01,2.57E-01,6.22E-01,0.599529801,6.84E-01
9.68E-01,5.43E-01,2.55E-01,6.14E-01,0.512532416,6.82E-01
9.68E-01,5.34E-01,2.55E-01,6.09E-01,0.525195254,6.79E-01
9.69E-01,5.42E-01,2.53E-01,6.01E-01,0.575060058,6.78E-01
9.69E-01,5.31E-01,2.51E-01,5.89E-01,0.564727664,6.73E-01
9.69E-01,5.33E-01,2.38E-01,5.86E-01,0.550696784,6.72E-01
9.70E-01,5.32E-01,2.45E-01,5.70E-01,0.558309322,6.68E-01
9.70E-01,5.27E-01,2.37E-01,5.65E-01,0.571843547,6.66E-01
9.70E-01,5.33E-01,2.02E-01,5.61E-01,0.579448822,6.66E-01
9.71E-01,5.36E-01,1.89E-01,5.58E-01,0.518670597,6.66E-01
9.71E-01,5.50E-01,2.56E-01,5.59E-01,0.486779005,6.67E-01
9.72E-01,5.76E-01,2.75E-01,5.64E-01,0.52207007,6.73E-01
9.72E-01,6.14E-01,2.76E-01,5.85E-01,0.576980538,6.85E-01
9.72E-01,6.29E-01,2.71E-01,5.95E-01,0.545873795,6.90E-01
9.73E-01,6.35E-01,2.67E-01,6.01E-01,0.514230839,6.92E-01
9.73E-01,6.53E-01,2.63E-01,6.00E-01,0.598141053,6.95E-01
9.73E-01,6.54E-01,2.63E-01,5.89E-01,0.547846506,6.92E-01
9.74E-01,6.43E-01,2.63E-01,5.81E-01,0.509611364,6.88E-01
9.74E-01,6.57E-01,2.63E-01,5.74E-01,0.483070939,6.88E-01
9.74E-01,6.40E-01,2.62E-01,5.64E-01,0.508928502,6.83E-01
9.75E-01,6.43E-01,2.62E-01,5.48E-01,0.448701945,6.79E-01
9.75E-01,6.35E-01,2.57E-01,5.31E-01,0.536811008,6.73E-01
9.75E-01,6.26E-01,2.18E-01,5.25E-01,0.485390721,6.71E-01
9.76E-01,6.28E-01,1.93E-01,5.07E-01,0.453546568,6.66E-01
9.76E-01,6.20E-01,2.15E-01,5.04E-01,0.49468731,6.64E-01
9.76E-01,6.25E-01,2.61E-01,5.00E-01,0.455827409,6.63E-01
9.77E-01,6.26E-01,2.72E-01,5.02E-01,0.473267341,6.63E-01
9.77E-01,6.20E-01,2.68E-01,5.06E-01,0.446799081,6.64E-01
9.77E-01,6.22E-01,2.62E-01,5.08E-01,0.513518926,6.65E-01
9.78E-01,6.06E-01,2.61E-01,5.00E-01,0.456321591,6.60E-01
9.78E-01,6.09E-01,2.60E-01,4.93E-01,0.448655896,6.58E-01
9.78E-01,6.01E-01,2.58E-01,4.87E-01,0.475405089,6.55E-01
9.79E-01,5.98E-01,2.59E-01,4.78E-01,0.430857612,6.52E-01
9.79E-01,5.86E-01,2.32E-01,4.73E-01,0.430567562,6.49E-01
9.80E-01,5.83E-01,1.97E-01,4.70E-01,0.413808636,6.48E-01
9.80E-01,5.78E-01,1.90E-01,4.65E-01,0.434840584,6.46E-01
9.80E-01,5.65E-01,2.10E-01,4.62E-01,0.426973074,6.43E-01
9.81E-01,5.78E-01,2.66E-01,4.56E-01,0.414977799,6.42E-01
9.81E-01,5.81E-01,2.83E-01,4.58E-01,0.455258126,6.43E-01
9.81E-01,5.88E-01,2.80E-01,4.58E-01,0.450025791,6.44E-01
9.82E-01,5.90E-01,2.75E-01,4.56E-01,0.431190466,6.44E-01
9.82E-01,5.94E-01,2.71E-01,4.60E-01,0.423892857,6.46E-01
9.82E-01,5.96E-01,2.71E-01,4.60E-01,0.40735429,6.46E-01
9.83E-01,5.93E-01,2.68E-01,4.53E-01,0.494808615,6.44E-01
9.83E-01,5.81E-01,2.65E-01,4.47E-01,0.441500299,6.40E-01
9.83E-01,5.82E-01,2.63E-01,4.39E-01,0.42112927,6.38E-01
9.84E-01,5.79E-01,2.60E-01,4.39E-01,0.37082746,6.38E-01
9.84E-01,5.68E-01,2.51E-01,4.36E-01,0.392548605,6.35E-01
9.84E-01,5.44E-01,2.42E-01,4.22E-01,0.395741627,6.27E-01
9.85E-01,5.45E-01,2.36E-01,4.25E-01,0.407156648,6.28E-01
9.85E-01,5.36E-01,2.31E-01,4.01E-01,0.397967147,6.19E-01
9.85E-01,5.06E-01,2.26E-01,3.74E-01,0.39933766,6.06E-01
9.86E-01,4.95E-01,2.22E-01,3.44E-01,0.405754765,5.95E-01
9.86E-01,4.96E-01,2.16E-01,3.50E-01,0.402541963,5.98E-01
9.86E-01,5.05E-01,2.12E-01,3.55E-01,0.33769624,6.01E-01
9.87E-01,5.15E-01,2.10E-01,3.65E-01,0.386846657,6.05E-01
9.87E-01,5.47E-01,2.07E-01,3.83E-01,0.344523927,6.16E-01
9.87E-01,5.61E-01,2.03E-01,4.02E-01,0.430911851,6.24E-01
9.88E-01,5.70E-01,1.99E-01,4.07E-01,0.37767879,6.27E-01
9.88E-01,5.92E-01,1.97E-01,4.28E-01,0.37398525,6.37E-01
9.89E-01,6.20E-01,1.94E-01,4.55E-01,0.378321783,6.50E-01
9.89E-01,6.66E-01,1.93E-01,4.85E-01,0.400420287,6.66E-01
9.89E-01,6.84E-01,1.91E-01,5.08E-01,0.359555533,6.75E-01
9.90E-01,7.22E-01,1.88E-01,5.37E-01,0.401973607,6.90E-01
9.90E-01,7.25E-01,1.85E-01,5.36E-01,0.362869397,6.90E-01
9.90E-01,7.26E-01,1.83E-01,5.50E-01,0.369280166,6.94E-01
9.91E-01,7.31E-01,1.81E-01,5.66E-01,0.369494497,6.99E-01
9.91E-01,7.66E-01,1.81E-01,5.99E-01,0.379138776,7.13E-01
9.91E-01,8.52E-01,1.91E-01,6.76E-01,0.353519804,7.45E-01
9.92E-01,9.29E-01,1.94E-01,7.31E-01,0.353994825,7.69E-01
9.92E-01,9.76E-01,1.92E-01,7.63E-01,0.336051593,7.82E-01
9.92E-01,9.96E-01,1.93E-01,7.69E-01,0.36206353,7.86E-01
9.93E-01,9.97E-01,1.99E-01,7.66E-01,0.358951017,7.86E-01
9.93E-01,1.00E+00,2.16E-01,7.58E-01,0.358284381,7.84E-01
9.93E-01,9.90E-01,2.25E-01,7.51E-01,0.304264152,7.81E-01
9.93E-01,9.90E-01,2.25E-01,7.51E-01,0.371065897,7.81E-01
9.94E-01,9.60E-01,2.33E-01,7.38E-01,0.333667218,7.74E-01
9.94E-01,9.65E-01,2.36E-01,7.29E-01,0.359881897,7.73E-01
9.94E-01,9.56E-01,2.47E-01,7.16E-01,0.336230382,7.69E-01
9.95E-01,9.32E-01,2.35E-01,7.09E-01,0.37519629,7.64E-01
9.95E-01,9.24E-01,1.70E-01,6.97E-01,0.390948771,7.61E-01
9.95E-01,8.88E-01,1.02E-01,6.75E-01,0.370483789,7.51E-01
9.96E-01,8.70E-01,1.00E-01,6.71E-01,0.360317822,7.48E-01
9.96E-01,8.72E-01,1.31E-01,6.64E-01,0.326573741,7.46E-01
9.97E-01,8.62E-01,2.44E-01,6.53E-01,0.313723615,7.40E-01
9.97E-01,8.71E-01,3.11E-01,6.57E-01,0.379801548,7.42E-01
9.97E-01,8.83E-01,3.18E-01,6.60E-01,0.294900034,7.44E-01
9.98E-01,8.69E-01,3.05E-01,6.55E-01,0.365274787,7.41E-01
9.98E-01,8.54E-01,2.93E-01,6.46E-01,0.340018494,7.37E-01
9.98E-01,8.43E-01,2.86E-01,6.34E-01,0.364013526,7.32E-01
9.99E-01,8.19E-01,2.82E-01,6.20E-01,0.338611512,7.25E-01
9.99E-01,8.04E-01,2.78E-01,6.08E-01,0.332857952,7.20E-01
9.99E-01,7.76E-01,2.77E-01,5.88E-01,0.350534931,7.10E-01
1.00E+00,7.64E-01,2.58E-01,5.75E-01,0.337685732,7.05E-01
1.00E+00,7.33E-01,2.07E-01,5.63E-01,0.281818423,6.98E-01
0.00E+00,7.24E-01,1.89E-01,5.50E-01,0.341088449,7.10E-01
3.47E-04,7.18E-01,2.84E-01,5.52E-01,0.38033019,7.08E-01
6.95E-04,7.21E-01,3.17E-01,5.47E-01,0.320817555,7.07E-01
1.04E-03,7.25E-01,3.13E-01,5.52E-01,0.421560095,7.09E-01
1.39E-03,7.35E-01,3.06E-01,5.55E-01,0.306661198,7.12E-01
1.74E-03,7.13E-01,3.03E-01,5.50E-01,0.284171738,7.07E-01
2.08E-03,7.10E-01,3.03E-01,5.44E-01,0.314195699,7.05E-01
2.43E-03,6.88E-01,3.01E-01,5.29E-01,0.338219628,6.98E-01
