Time,CO,rh,MOS
52980,0.548466175,36.76937228,0.698795617
53010,0.546793277,36.69000021,0.700223577
53040,0.546081746,36.64241982,0.701062523
53070,0.546199546,36.61761392,0.701923115
53100,0.546430315,36.41475493,0.702682715
53130,0.5463646,35.91474318,0.703251333
53160,0.547382231,35.54695821,0.704405077
53190,0.548288485,36.05222112,0.704201938
53220,0.551230792,36.73728617,0.705899077
53250,0.554004823,36.84277694,0.7091058
53280,0.554283875,36.74509805,0.71057035
53310,0.554798085,36.64674308,0.711622631
53340,0.553579362,36.55987801,0.711879846
53370,0.550398458,36.49283544,0.7101029
53400,0.550117808,36.41897654,0.709494031
53430,0.549305315,36.22336806,0.707783669
53460,0.54902085,36.26468295,0.70650655
53490,0.548855792,36.34990057,0.706866623
53520,0.549740408,36.46402945,0.707853415
53550,0.550552915,36.52461478,0.710182738
53580,0.550759654,36.52087429,0.7115397
53610,0.548651067,36.4747382,0.711519567
53640,0.548752431,36.38582813,0.709897862
53670,0.546526469,36.06848501,0.707259654
53700,0.544480815,35.82607157,0.718372646
53730,0.545716354,35.91255731,0.756145469
53760,0.549223975,36.50749792,0.756705758
53790,0.550305331,36.79472016,0.747020469
53820,0.550354192,36.80067235,0.743385458
53850,0.551646654,36.7895579,0.741735608
53880,0.552149069,36.76115728,0.740253638
53910,0.5528678,36.60173733,0.740711577
53940,0.552242208,35.84566477,0.74001305
53970,0.551899054,35.34286273,0.739556523
54000,0.550608192,34.88186555,0.738686346
54030,0.550536077,35.50940602,0.737740431
54060,0.553497638,36.43399228,0.737860623
54090,0.557370215,36.98573615,0.741215185
54120,0.559122417,37.09118024,0.742175792
54150,0.558223585,36.97811511,0.742021654
54180,0.558802923,36.86580549,0.742969985
54210,0.559725977,36.78019533,0.743325754
54240,0.560002617,36.70261537,0.741949242
54270,0.557891854,36.48987699,0.739248838
54300,0.554817733,36.10693898,0.735753958
54330,0.553699538,35.70232088,0.732729592
54360,0.553682731,35.66375849,0.731161085
54390,0.554711538,36.19636289,0.730436331
54420,0.5551731,36.41441251,0.728564938
54450,0.553583367,36.38470868,0.729023483
54480,0.553293308,36.32862927,0.729033669
54510,0.552437508,36.27236665,0.7279712
54540,0.551829354,36.18676042,0.725913485
54570,0.549680292,35.87713735,0.724502438
54600,0.549476583,35.55264022,0.724644558
54630,0.550026438,35.36550406,0.725364231
54660,0.549072154,35.77868816,0.724512062
54690,0.552335967,36.28632081,0.725389358
54720,0.5531755,36.3385386,0.727451954
54750,0.553406277,36.26952942,0.729069746
54780,0.554510433,36.19327058,0.729239608
54810,0.553060131,36.13040546,0.728961585
54840,0.551000038,36.06054131,0.727163485
54870,0.551564915,35.88947717,0.726617815
54900,0.552543292,35.89890302,0.7240445
54930,0.552120215,35.85504863,0.723125038
54960,0.552846383,35.83050267,0.722848975
54990,0.554144262,35.97363498,0.722822154
55020,0.554848585,36.01799158,0.724768069
55050,0.554620215,35.98104402,0.725640669
55080,0.556242808,35.94393633,0.726299292
55110,0.554406275,35.8991023,0.725822942
55140,0.554841158,35.8642211,0.723266967
55170,0.554088969,35.74188777,0.721597392
55200,0.553000023,35.40546991,0.719647869
55230,0.552024077,35.10290752,0.717358192
55260,0.553211562,35.36701024,0.716775277
55290,0.556838567,35.98262091,0.716256525
55320,0.556988,36.198792,0.7180349
55350,0.557103369,36.16045598,0.720168308
55380,0.555550508,36.10619316,0.720623838
55410,0.555810123,36.05846537,0.720983208
55440,0.555377625,35.9826365,0.720027392
55470,0.553134638,35.58263889,0.719040885
55500,0.549718775,35.0453773,0.7173568
55530,0.549875015,34.60502175,0.717849785
55560,0.552036092,35.1411148,0.716371438
55590,0.5536082,35.96862917,0.716213985
55620,0.55559635,36.20934568,0.718276083
55650,0.555528892,36.10019482,0.719473569
55680,0.554451969,35.96918178,0.719945931
55710,0.555769254,35.86369207,0.721631046
55740,0.556677908,35.77127646,0.721857038
55770,0.554382238,35.66720177,0.719326954
55800,0.55220055,35.38296551,0.717023467
55830,0.551091377,34.93046948,0.714433923
55860,0.5524255,34.71273978,0.714520492
55890,0.552812523,34.8019804,0.715563746
55920,0.555161062,35.50074447,0.715513262
55950,0.5557969,35.7137225,0.716453167
55980,0.556796892,35.69381836,0.719024767
56010,0.555437523,35.59257782,0.719883446
56040,0.554038485,35.49976787,0.719864215
56070,0.552560123,35.45322582,0.720016862
56100,0.552144254,35.35062168,0.719245223
56130,0.551494817,34.86474517,0.718220092
56160,0.549971185,34.45191939,0.717311315
56190,0.552949538,34.85634397,0.717075754
56220,0.553620215,35.37905747,0.717010862
56250,0.554850962,35.43667419,0.718768062
56280,0.555752625,35.34572603,0.720457058
56310,0.554435123,35.26379549,0.719649077
56340,0.553988015,35.20076718,0.719115408
56370,0.554276083,35.14428962,0.718078167
56400,0.552473577,34.95334425,0.716944746
56430,0.550326931,34.52394234,0.715274085
56460,0.549432308,34.27914511,0.71357035
56490,0.550658677,35.05596109,0.711564946
56520,0.554913469,35.4116071,0.712431523
56550,0.5555433,35.38043205,0.714308923
56580,0.554401469,35.28530016,0.714997638
56610,0.551478385,35.21272548,0.714817354
56640,0.549825542,35.12854194,0.713453167
56670,0.547990385,34.98962796,0.712890654
56700,0.547334169,34.81577926,0.710652677
56730,0.547103377,34.66801917,0.710407477
56760,0.548850992,34.56766809,0.711627431
56790,0.549911475,34.9780463,0.712992233
56820,0.55070055,35.18348585,0.715903683
56850,0.549581746,35.17886835,0.718000023
56880,0.549492815,35.14453948,0.719429123
56910,0.549283662,35.10187393,0.720149062
56940,0.548072154,35.04971661,0.719336554
56970,0.54420835,34.92610656,0.718056033
57000,0.544846185,34.88886923,0.717930331
57030,0.545007238,34.82140544,0.718509646
57060,0.546269254,34.97139716,0.719198338
57090,0.546752431,35.07189281,0.720098585
57120,0.545041708,35.0656834,0.723649767
57150,0.546117831,35.04852603,0.724722415
57180,0.545995215,35.02964357,0.724585362
57210,0.543851592,35.02271272,0.724472708
57240,0.544899077,34.94523842,0.724438746
57270,0.544360608,34.66721234,0.722754838
57300,0.542406283,34.4701157,0.720622417
57330,0.542699523,34.96721651,0.718722392
57360,0.543341354,35.2899338,0.720075762
57390,0.544341377,35.26734766,0.723378631
57420,0.542966362,35.22669539,0.724385862
57450,0.542026075,35.1989149,0.724020867
57480,0.541002431,35.18855802,0.724498831
57510,0.540473592,35.11408804,0.723544515
57540,0.538603385,34.67608511,0.719009631
57570,0.536656262,34.33136677,0.716472377
57600,0.538480777,34.5258175,0.716338969
57630,0.54052085,35.33709877,0.717161475
57660,0.54062505,35.53775421,0.718803425
57690,0.539187515,35.49715273,0.720336577
57720,0.539870208,35.44383505,0.721780062
57750,0.539725992,35.41795467,0.721692331
57780,0.540766854,35.38602584,0.722322169
57810,0.54082555,35.38188319,0.721458375
57840,0.540887046,35.17858062,0.720435131
57870,0.540757246,35.24501752,0.718467554
57900,0.542091385,35.48425606,0.716903885
57930,0.542879846,35.65548788,0.714805323
57960,0.5417318,35.70968184,0.714463567
57990,0.541545677,35.70525804,0.714084177
58020,0.539596177,35.69588187,0.712751238
58050,0.537920692,35.65953317,0.711848615
58080,0.5396146,35.42623288,0.712100292
58110,0.540983192,35.12912921,0.713323354
58140,0.53965105,35.00748474,0.713668
58170,0.540009662,35.10809431,0.715436323
58200,0.541415869,35.38735536,0.716107008
58230,0.541937531,35.55184661,0.716841385
58260,0.542226,35.82128337,0.717424315
58290,0.542494817,35.95911607,0.719104192
58320,0.545394254,35.97202019,0.721242823
58350,0.5439952,35.42739485,0.726204362
58380,0.544653869,34.93168434,0.731895469
58410,0.545848577,34.90927729,0.736879854
58440,0.549040869,34.92429317,0.740394262
58470,0.549526083,35.4993476,0.742050817
58500,0.552343775,36.08298468,0.744147175
58530,0.553812508,36.3721028,0.745509669
58560,0.552884654,36.48409803,0.745841369
58590,0.553307723,36.44477563,0.744496438
58620,0.551826946,36.36886472,0.744490423
58650,0.552143267,36.27621022,0.74381905
58680,0.550752431,36.13171014,0.7434063
58710,0.551454346,36.06931647,0.744857
58740,0.551591377,35.90772192,0.745941138
58770,0.553088954,35.87814693,0.745896677
58800,0.55288545,35.72151517,0.744246133
58830,0.554615392,35.89119785,0.744509662
58860,0.554877446,36.27380341,0.744657508
58890,0.556084154,36.38093047,0.744709177
58920,0.557473992,36.37959286,0.746384133
58950,0.557788492,36.36644273,0.747601008
58980,0.558697942,36.34962432,0.7486667
59010,0.559233185,36.12192669,0.748807731
59040,0.5577284,35.93859871,0.747611823
59070,0.558887054,35.87236785,0.746425515
59100,0.558872615,35.96981678,0.745536108
59130,0.558819738,36.32369501,0.744534892
59160,0.561138033,36.43719776,0.74406905
59190,0.562334162,36.42614099,0.744869008
59220,0.564430308,36.39979017,0.744769262
59250,0.563564915,36.36908789,0.742790892
59280,0.562091369,36.09786984,0.741897854
59310,0.5606068,35.72386398,0.740416692
59340,0.560807325,35.61427784,0.739334683
59370,0.563192331,36.0016841,0.738251231
59400,0.5654207,36.5071473,0.736938738
59430,0.565911092,36.59342289,0.737515654
59460,0.568348577,36.57289702,0.739043315
59490,0.568174508,36.53911766,0.739488317
59520,0.569151454,36.52571735,0.740789692
59550,0.569653892,36.47467599,0.741466377
59580,0.568627415,36.10866214,0.739759654
59610,0.567903869,35.76730163,0.737881046
59640,0.568942725,35.89957706,0.736537808
59670,0.571718769,36.5610387,0.736070938
59700,0.574673108,36.82641659,0.738126231
59730,0.576335958,36.81863278,0.740152383
59760,0.577004831,36.18899989,0.734086569
59790,0.577348577,36.08358526,0.734413508
59820,0.578487992,36.02825992,0.7360998
59850,0.578377633,35.93649504,0.737001342
59880,0.5800457,35.6453828,0.737161085
59910,0.578338969,35.2701897,0.736016846
59940,0.577956754,35.23970087,0.735204369
59970,0.581567354,36.04484126,0.734750023
60000,0.582861992,36.43293111,0.735793
60030,0.583750008,36.42415977,0.738693538
60060,0.585483192,36.35848101,0.740151485
60090,0.586403877,36.29178596,0.7396575
60120,0.587341158,36.24519863,0.739459667
60150,0.5881683,36.21408801,0.738600992
60180,0.587989608,36.06288506,0.73714325
60210,0.587031277,35.86066988,0.734138262
60240,0.586151454,35.70473637,0.731661077
60270,0.587793285,36.06344297,0.729744015
60300,0.588113008,36.3871556,0.728284892
60330,0.586742217,36.4250193,0.728287783
60360,0.587096162,36.40280296,0.729143069
60390,0.587685131,36.36308178,0.728699562
60420,0.586687531,36.31062673,0.728997646
60450,0.585875023,36.23448827,0.729052931
60480,0.585391846,35.93976511,0.729020477
60510,0.583869833,35.59202422,0.727243525
60540,0.582619825,35.70529095,0.725604183
60570,0.584649062,36.28870913,0.724935146
60600,0.585334177,36.42133495,0.724872623
60630,0.585613015,36.37433995,0.725359423
60660,0.586040885,36.33088936,0.725677908
60690,0.585510417,36.28484888,0.726674517
60720,0.584968762,36.22896093,0.726135831
60750,0.584891862,35.97669298,0.726994008
60780,0.582627431,35.61239325,0.726070938
60810,0.581716377,35.32648953,0.726888262
60840,0.585286483,35.7868902,0.727454467
60870,0.588776462,36.36508166,0.729604592
60900,0.590103377,36.41623611,0.732109415
60930,0.593139454,36.34804442,0.734978408
60960,0.594940133,36.29749498,0.735585983
60990,0.594302908,36.26362533,0.7355301
61020,0.592656283,36.22586009,0.734699267
61050,0.593084169,36.09876697,0.7343005
61080,0.593485592,35.8664341,0.734048108
61110,0.592675523,35.67832256,0.734173092
61140,0.594906269,35.7669914,0.735760862
61170,0.595627431,36.28009808,0.736235623
61200,0.596109408,36.41545222,0.738139367
61230,0.598843777,36.3875324,0.739278877
61260,0.598451946,36.35840852,0.7393618
61290,0.597973592,36.31865838,0.738447154
61320,0.598697138,36.28399587,0.737364223
61350,0.595768258,36.07618708,0.73601695
61380,0.594570333,35.85348716,0.733713567
61410,0.594711569,35.49496289,0.7325385
61440,0.593927908,35.33922744,0.7312248
61470,0.594115415,36.24559609,0.729729615
61500,0.599480785,36.67241365,0.729187546
61530,0.599515642,36.66765052,0.729835983
61560,0.5993029,36.62036487,0.729024077
61590,0.597959169,36.57373438,0.728370231
61620,0.597488015,36.54400205,0.726759638
61650,0.597824562,36.52471882,0.726510854
61680,0.595958342,36.43686396,0.7256133
61710,0.596038492,36.06376286,0.724744031
61740,0.595254831,35.7011354,0.724417092
61770,0.594483185,35.54959826,0.724232008
61800,0.595497417,35.98966821,0.723559917
61830,0.598610608,36.62616857,0.724098585
61860,0.601760425,36.77145492,0.72551045
61890,0.601574546,36.75514515,0.725985631
61920,0.6012284,36.72658428,0.725614215
61950,0.601363008,36.71417459,0.725163523
61980,0.602028854,36.69660075,0.723937546
62010,0.600632246,36.68135862,0.721655069
62040,0.598997408,36.49570457,0.720316433
62070,0.597182715,36.18836952,0.718073362
62100,0.595238015,35.8122394,0.716972385
62130,0.597146654,36.05790545,0.716121431
62160,0.598144262,36.67490182,0.715623838
62190,0.59902345,36.91914181,0.717419308
62220,0.601528675,36.90391434,0.71895965
62250,0.600704346,36.84673695,0.718423115
62280,0.5979736,36.79870459,0.716807723
62310,0.597456769,36.74802188,0.716712777
62340,0.595615392,36.70475629,0.715211577
62370,0.594265667,36.54164638,0.713674525
62400,0.591134646,36.31918057,0.711502438
62430,0.589783677,36.03467997,0.710456777
62460,0.588192346,35.85825679,0.708522869
62490,0.588889446,36.56938796,0.707040892
62520,0.589046892,36.9193102,0.70682425
62550,0.590673108,36.94391586,0.708740423
62580,0.590502431,36.88232547,0.709270477
62610,0.592096383,36.81678967,0.7091654
62640,0.591230792,36.77115322,0.709652692
62670,0.590944746,36.70803042,0.709947131
62700,0.589880233,36.62789885,0.709167992
62730,0.588612992,36.41015131,0.708170715
62760,0.588745215,36.19586173,0.706227192
62790,0.589838977,36.5211153,0.7052356
62820,0.591334154,36.72130722,0.7050397
62850,0.590060115,36.67635608,0.705472392
62880,0.58989845,36.61138488,0.705278675
62910,0.590521669,36.56808025,0.705140646
62940,0.589454362,36.52233913,0.704551708
62970,0.588288469,36.40683526,0.703084162
63000,0.587798108,36.06217039,0.700689915
63030,0.585062525,35.82657952,0.698308617
63060,0.58445315,35.89010917,0.696937533
63090,0.586526469,36.4086017,0.695709169
63120,0.588036069,36.55490871,0.696194731
63150,0.588733192,36.49298564,0.696647869
63180,0.589336562,36.42473401,0.696527662
63210,0.588302125,36.37011686,0.696399758
63240,0.5881106,36.33019735,0.695580546
63270,0.588867823,36.20162401,0.694347385
63300,0.586444731,35.82389788,0.692283692
63330,0.585596185,35.6876378,0.690692362
63360,0.586370192,36.21802813,0.689132238
63390,0.587335983,36.34683385,0.689070342
63420,0.587223562,36.28848352,0.689975985
63450,0.587645858,36.22164506,0.690964892
63480,0.586483192,36.17926384,0.690009646
63510,0.584538485,36.15895823,0.689744023
63540,0.584264446,36.1020635,0.688507238
63570,0.582638042,35.98632096,0.686100292
63600,0.580276485,35.9423679,0.685123838
63630,0.580286085,35.73868514,0.68497
63660,0.579031285,35.71244859,0.685174308
63690,0.579867808,36.07327131,0.6856767
63720,0.581130225,36.1537088,0.685996133
63750,0.580992823,36.13534527,0.685962785
63780,0.582266846,36.08034255,0.685818538
63810,0.580329346,36.03096254,0.6856743
63840,0.579584154,35.98746302,0.684425508
63870,0.579224,35.94829927,0.683824233
63900,0.579596383,35.78599488,0.683337267
63930,0.577723585,35.54730657,0.682393054
63930,0.577723585,35.54730657,0.682393054
63960,0.577233215,35.2824877,0.6824147
63990,0.577435115,35.51074088,0.681597392
64020,0.579704369,35.89028879,0.681851
64050,0.582270867,36.0747297,0.683311233
64080,0.582074531,36.05123483,0.6847404
64110,0.584072154,36.00921339,0.685756046
64140,0.584540885,35.98956588,0.684765646
64170,0.582668292,35.96700801,0.684432731
64200,0.582379831,35.95150795,0.6835445
64230,0.581651067,35.91227208,0.682233117
64260,0.580939923,35.73147533,0.681540892
64290,0.580370215,35.59727359,0.679923092
64320,0.579596392,35.71646865,0.679697933
64350,0.5795385,35.97301639,0.680447154
64380,0.581680308,36.00505144,0.682272862
64410,0.581390658,35.97842192,0.683753933
64440,0.581413508,35.93460048,0.683602192
64470,0.579992808,35.90441562,0.682820954
64500,0.579146646,35.88085337,0.681673115
64530,0.5780457,35.85300155,0.681408692
64560,0.577669317,35.80879273,0.680347667
64590,0.576579346,35.68411703,0.678664692
64620,0.574793292,35.67960593,0.676401485
64650,0.573524054,35.60938775,0.675656277
64680,0.573596192,35.77396054,0.675258454
64710,0.573479208,35.84645663,0.676212275
64740,0.574007833,35.83282628,0.678110708
64770,0.574788469,35.78992147,0.678138262
64800,0.573971192,35.76542441,0.678004831
64830,0.571562531,35.73596872,0.6783005
64860,0.573531277,35.72142457,0.677605815
64890,0.572080733,35.60252083,0.676727908
64920,0.570442338,35.44058823,0.675659892
64950,0.572826946,35.48116174,0.675599785
64980,0.573206731,35.55778468,0.676113031
65010,0.574415908,35.79986703,0.677758446
65040,0.575603385,35.80161396,0.680420708
65070,0.576265633,35.74284682,0.682438833
65100,0.575692331,35.70494404,0.683355815
65130,0.575860608,35.67819326,0.683550515
65160,0.575408892,35.66503639,0.683057333
65190,0.574329362,35.63922595,0.683168308
65220,0.5726707,35.57341092,0.682682723
65250,0.571263042,35.59268783,0.682944033
65280,0.571040877,35.46209461,0.684085369
65310,0.573180315,35.55760484,0.684849785
65340,0.573524054,35.59706348,0.686617815
65370,0.573372623,35.566506,0.687448346
65400,0.57270315,35.52985133,0.688037775
65430,0.572435131,35.48865003,0.688236808
65460,0.571978408,35.45425893,0.688193531
65490,0.572718769,35.37498773,0.687641854
65520,0.5699327,35.06019445,0.687085346
65550,0.569658892,34.93333129,0.687386733
65580,0.571518267,35.09294917,0.687625042
65610,0.572067315,35.44690512,0.688536085
65640,0.574959169,35.52229519,0.690902677
65670,0.575584154,35.48427555,0.694098592
65700,0.576302931,35.42497707,0.696831754
65730,0.576682715,35.37214887,0.698576962
65760,0.576281292,35.33606622,0.698343792
65790,0.574269254,35.2963604,0.697512069
65820,0.574721177,35.11346021,0.696223608
65850,0.573836554,34.79289825,0.695433915
65880,0.573841385,34.79436857,0.695131062
65910,0.575619808,35.29635674,0.694052108
65940,0.576390658,35.46132369,0.694102892
65970,0.578199531,35.39688242,0.695336577
66000,0.578762054,35.33227871,0.695481985
66030,0.5789207,35.27887654,0.6946695
66060,0.580050508,35.24789511,0.694627431
66090,0.579893258,35.22625757,0.694276067
66120,0.579572123,35.20288437,0.692986792
66150,0.578829346,35.14588295,0.691741631
66180,0.577406254,34.86289459,0.689433915
66210,0.574536085,34.6423605,0.687042108
66240,0.576080758,34.89326618,0.685694042
66270,0.577305323,35.28057767,0.685319731
66300,0.576286085,35.28639687,0.685538492
66330,0.577329369,35.22648225,0.687040892
66360,0.577913485,35.16522844,0.686622638
66390,0.57557295,35.12671211,0.686214883
66420,0.5752266,35.08868005,0.685468758
66450,0.573947123,35.06283655,0.684108208
66480,0.573194746,35.0443072,0.6823534
66510,0.572247608,34.97728898,0.681161085
66540,0.570644238,34.90433978,0.679580562
66570,0.570000031,34.92670398,0.678634623
66600,0.569098975,34.68207529,0.67837115
66630,0.5665505,34.67001192,0.677718792
66660,0.5676106,34.94030382,0.677596208
66690,0.569884631,35.02786973,0.6792332
66720,0.571699538,35.0267716,0.680495208
66750,0.573304725,35.01128848,0.68025785
66780,0.570929717,34.9810512,0.67938545
66810,0.5704255,34.94522686,0.679262038
66840,0.5709784,34.92534655,0.678431515
66870,0.569413469,34.92597988,0.676685138
66900,0.568052915,34.91726554,0.675080569
66930,0.5669167,34.89443192,0.673431025
66960,0.564442338,34.81418465,0.672227208
66990,0.564271677,34.8031481,0.670051708
67020,0.563586554,34.87465677,0.669439938
67050,0.5631707,34.88384124,0.669027669
67080,0.562598585,34.86557255,0.669079354
67110,0.56438545,34.86043754,0.669906283
67140,0.563038477,34.85677531,0.669115415
67170,0.563619825,34.83178084,0.668209667
67200,0.561009638,34.82758873,0.666968769
67230,0.561283677,34.8044594,0.666068531
67260,0.559264438,34.76489815,0.664340192
67290,0.557809917,34.67760682,0.663479192
67320,0.557189931,34.62480887,0.662030085
67350,0.557086562,34.68508992,0.661841385
67380,0.555536077,34.75524888,0.661216362
67410,0.556771662,34.76665055,0.662244023
67440,0.558257825,34.75335144,0.663177117
67470,0.558399062,34.71934669,0.663700731
67500,0.557716354,34.69089081,0.663439931
67530,0.559199546,34.67933142,0.663628631
67560,0.559687531,34.68316108,0.663805308
67590,0.559414108,34.60885153,0.6642422
67620,0.558065117,34.39063111,0.664302108
67650,0.557449554,34.1824641,0.664365415
67680,0.558463977,34.49084941,0.664149069
67710,0.559745223,34.76692022,0.664460346
67740,0.562264462,34.76265087,0.665715177
67770,0.562425492,34.71682881,0.666283692
67800,0.5620912,34.67793395,0.666473992
67830,0.561557708,34.65478672,0.667000023
67860,0.562466377,34.62192954,0.666105785
67890,0.5621635,34.59346581,0.666173108
67920,0.560973585,34.57765096,0.666027662
67950,0.559260467,34.50479176,0.666299517
67980,0.559911092,34.44559623,0.6661659
68010,0.560766862,34.47623078,0.666819731
68040,0.55883855,34.53781708,0.667505225
68070,0.559627423,34.57477969,0.669162308
68100,0.560742808,34.57165178,0.671369023
68130,0.56238285,34.5541721,0.672851592
68160,0.562062515,34.55538335,0.674009662
68190,0.561762062,34.54235905,0.674188731
68220,0.561867808,34.54137648,0.673525262
68250,0.559447131,34.50717663,0.672162285
68280,0.5581016,34.48279801,0.670277375
68310,0.558245215,34.50069081,0.668962762
68340,0.557826954,34.47089202,0.668570946
68370,0.558264446,34.54305247,0.669501254
68400,0.558454362,34.56261705,0.670408677
68430,0.558865408,34.5527627,0.671356992
68460,0.5601449,34.54468167,0.671875027
68490,0.5588534,34.54631061,0.671640646
68520,0.558336554,34.52281258,0.670328154
68550,0.557298108,34.51468127,0.668700746
68580,0.556548108,34.5281856,0.6680938
68610,0.556375015,34.53671399,0.667580562
68640,0.555658875,34.51580099,0.666996117
68670,0.555430292,34.46186448,0.666445931
68700,0.553661069,34.50632612,0.665030069
68730,0.555173092,34.39777438,0.665087769
68760,0.554488015,34.39083203,0.665570938
68790,0.555138042,34.52175896,0.666016933
68820,0.555242815,34.56932616,0.667013246
68850,0.556317725,34.57210628,0.667924517
68880,0.556903877,34.5439527,0.668974792
68910,0.556605792,34.52796154,0.6692825
68940,0.557206754,34.51520457,0.668775277
68970,0.558098992,34.50551685,0.668096383
69000,0.555509638,34.50540712,0.667694746
69030,0.554377446,34.48894731,0.665274077
69060,0.554591362,34.47558508,0.663319738
69090,0.554932723,34.42007438,0.6624808
69120,0.553067725,34.26331113,0.662022167
69150,0.552391846,34.08798257,0.662126238
69180,0.552165877,33.87185258,0.662421915
69210,0.552213946,34.24475574,0.662775262
69240,0.555406262,34.57644485,0.663979592
69270,0.556330742,34.59485672,0.666296917
69300,0.557919283,34.55616951,0.669541692
69330,0.558473585,34.53519438,0.671953162
69360,0.560105792,34.5204011,0.673274054
69390,0.5611106,34.50395004,0.674377438
69420,0.561197169,34.48158719,0.674514454
69450,0.560389446,34.4799147,0.673554092
69480,0.559333342,34.48267495,0.672045583
69510,0.558634638,34.46643825,0.670365415
69540,0.555855785,34.42569108,0.669306515
69570,0.556576938,34.26774536,0.667742831
69600,0.554954369,34.12559803,0.666335377
69630,0.556257833,34.18998309,0.666063833
69660,0.557007223,34.4764898,0.664991623
69690,0.557002415,34.554475,0.666132238
69720,0.559049508,34.5300954,0.667087275
69750,0.560319723,34.50084904,0.667776477
69780,0.5595409,34.48417183,0.667301738
69810,0.559903675,34.46408704,0.666257833
69840,0.558622623,34.45564707,0.665127446
69870,0.557483192,34.43703128,0.663234392
69900,0.557052915,34.42497869,0.661800515
69930,0.555189938,34.41864739,0.659168285
69960,0.554230815,34.41206545,0.658733192
69990,0.553822925,34.41096053,0.658975292
70020,0.555935115,34.39709519,0.658806508
70050,0.554699554,34.37449329,0.658474777
70080,0.553920692,34.36350161,0.657639438
70110,0.552898458,34.35984194,0.656976583
70140,0.551500023,34.331872,0.655647869
70170,0.550945342,34.03916505,0.655024758
70200,0.549889462,33.71167748,0.654158685
70230,0.548781285,33.55652677,0.654175485
70260,0.549264446,33.43954239,0.654127446
70290,0.550997615,34.0041445,0.653558923
70320,0.552085967,34.47376192,0.653681025
70350,0.553355785,34.61789483,0.654527677
70380,0.555007223,34.58161975,0.656564931
70410,0.556170692,34.52308345,0.6583546
70440,0.555817338,34.48241658,0.658087754
70470,0.555070333,34.43574658,0.6574349
70500,0.556132231,34.41204624,0.656488015
70530,0.555091167,34.39422819,0.655000025
70560,0.552670708,34.36275647,0.653592585
70590,0.5512861,34.33863492,0.652941162
70620,0.551048115,34.32284379,0.651430315
70650,0.548117217,34.31143541,0.650585983
70680,0.549947146,34.25383694,0.650316138
70710,0.548237992,34.04626692,0.649012069
70740,0.549079354,33.86527917,0.649680308
70770,0.548600977,34.27281473,0.650126231
70800,0.5507356,34.37029712,0.651506038
70830,0.552106792,34.37441053,0.652834667
70860,0.553528862,34.35890778,0.652842577
70890,0.552620223,34.34442404,0.651330538
70920,0.553120223,34.32627715,0.652125038
70950,0.553294283,34.30572165,0.652049517
70980,0.551793269,34.30874039,0.651830554
71010,0.5513021,34.30994768,0.651243533
71040,0.550137046,34.29809965,0.650638262
71070,0.550963977,34.28747594,0.650219977
71100,0.549519246,34.05682851,0.6496671
71130,0.548187531,33.42453835,0.6493005
71160,0.54745575,33.41332382,0.648324258
71190,0.551139454,34.0859339,0.649425508
71220,0.552538492,34.47188641,0.651930315
71250,0.5534904,34.49424866,0.655548108
71280,0.556144269,34.46007798,0.658474792
71310,0.558708358,34.41831706,0.659496133
71340,0.5584832,34.3912651,0.660313746
71370,0.55938285,34.36819514,0.661135433
71400,0.558350977,34.36083297,0.661562523
71430,0.558221185,34.34644557,0.661431531
71460,0.558680323,34.33085095,0.661900269
71490,0.557286085,34.3163457,0.662521662
71520,0.556656283,34.20357182,0.662671908
71550,0.556060131,33.83086212,0.662932708
71580,0.5556779,33.39697134,0.663479592
71610,0.557300485,33.28376789,0.663962754
71640,0.557838962,33.9067609,0.664407477
71670,0.559231792,34.42671693,0.666406283
71700,0.561829346,34.5425615,0.670491608
71730,0.5633582,34.49669661,0.673996415
71760,0.564867183,34.43976565,0.675204467
71790,0.564552908,34.39884864,0.675293308
71820,0.565055308,34.37200644,0.676688738
71850,0.567742233,34.3524724,0.6778464
71880,0.567947154,34.37403175,0.678433923
71910,0.569151454,34.36790655,0.678299315
71940,0.570134623,34.37022337,0.677697162
71970,0.569834138,34.3681254,0.677331769
72000,0.5699818,34.35323222,0.67713025
72030,0.571375015,34.34411287,0.678042092
72060,0.5716106,34.33725092,0.678418308
72090,0.571324538,34.32042701,0.677300515
72120,0.570488,34.29172144,0.6757296
72150,0.569432317,34.27813657,0.675552931
72180,0.570908867,34.20456892,0.674399173
72210,0.568276469,34.12858832,0.674115415
72240,0.566600992,34.09861602,0.673497608
72270,0.5656106,33.73435579,0.6719868
72300,0.5641755,33.23399966,0.670549315
72330,0.564174517,33.20274701,0.669424517
72360,0.564454354,33.69911226,0.668926715
72390,0.565134646,34.25770504,0.669322138
72420,0.565254808,34.55241087,0.669426708
72450,0.564120215,34.62981132,0.668441146
72480,0.563608208,34.58697027,0.668307723
72510,0.564679725,34.5237657,0.667704467
72540,0.562175492,34.46698225,0.666757231
72570,0.559442354,34.43107473,0.665010854
72600,0.558729192,34.39288454,0.663438825
72630,0.556764438,34.37015298,0.662361808
72660,0.554456762,34.31701189,0.6612296
72690,0.553885417,33.9768051,0.660316442
72720,0.552475969,33.84004586,0.659000038
72750,0.551995208,33.94930158,0.659537285
72780,0.552201954,34.17611446,0.660201977
72810,0.552468777,34.41035069,0.659740438
72840,0.552635458,34.46031082,0.660852908
72870,0.553432723,34.43055821,0.662201946
72900,0.552997631,34.38248021,0.663330562
72930,0.553766846,34.33863063,0.664397869
72960,0.554475962,34.31673797,0.664915892
72990,0.553846177,34.28796174,0.665300492
73020,0.552494817,34.27808838,0.66565235
73050,0.55201565,34.27265511,0.665500025
73080,0.552149069,34.25122139,0.665508438
73110,0.549911085,34.21518736,0.665498815
73140,0.549028846,34.08853053,0.666211562
73170,0.548264438,33.807406,0.667247631
73200,0.548718783,34.11074131,0.667994825
73230,0.549721177,34.35598992,0.669390654
73260,0.552182715,34.35633602,0.672173092
73290,0.552454362,34.30573747,0.675579362
73320,0.555031262,34.27051532,0.678676723
73350,0.556822917,34.2246073,0.681016958
73380,0.557490408,34.19621462,0.682038508
73410,0.557225992,34.19058036,0.682982015
73440,0.55846095,34.18026203,0.683015658
73470,0.556213977,34.16638644,0.683673108
73500,0.555103392,34.15678638,0.684784885
73530,0.553882842,34.08448282,0.68581905
73560,0.553401469,33.93211889,0.6867801
73590,0.552283669,33.72359469,0.686890677
73620,0.551875031,33.77180597,0.686852208
73650,0.552658669,34.08121622,0.686770469
73680,0.554182708,34.2053785,0.688150277
73710,0.555320333,34.20095003,0.688871133
73740,0.555988008,34.17486616,0.690290892
73770,0.557490415,34.1422454,0.691260885
73800,0.555949546,34.12105419,0.691351
73830,0.5567933,34.1047557,0.690735615
73860,0.554572925,34.09224209,0.6902214
73890,0.55433335,34.08617697,0.690071642
73920,0.553572138,34.07297237,0.688564923
73950,0.553322146,34.05856345,0.687985608
73980,0.552569723,33.80057249,0.687371446
74010,0.5514856,33.34310284,0.686128646
74040,0.549817733,33.24256071,0.686919292
74070,0.551408692,33.89226532,0.686716377
74100,0.554872608,34.2326604,0.689504823
74130,0.556197123,34.24602236,0.692375038
74160,0.557447123,34.18787599,0.693217592
74190,0.5561719,34.1416948,0.6927253
74220,0.557826946,34.11930421,0.693510846
74250,0.559728392,34.09807872,0.693256038
74280,0.559841175,34.09340541,0.69376305
74310,0.560233185,34.09487288,0.694090185
74340,0.559120208,34.07375769,0.693777685
74370,0.559932317,34.06170865,0.69395445
74400,0.557973585,34.05163219,0.693036077
74430,0.556146662,34.04168591,0.692597385
74460,0.555978385,33.92154327,0.693341385
74490,0.553764454,33.62706226,0.694802908
74520,0.5531803,33.60194412,0.695704354
74550,0.556554708,34.11337891,0.697089875
74580,0.555971177,34.20560709,0.699974777
74610,0.558355808,34.17199634,0.703938746
74640,0.558918292,34.12553846,0.707106992
74670,0.560514462,34.10146122,0.709713969
74700,0.559869825,34.08168466,0.7111068
74730,0.558682308,34.05716677,0.711996125
74760,0.557903877,34.03929651,0.712629831
74790,0.556769254,34.04321514,0.714405077
74820,0.556084162,34.04275084,0.715917115
74850,0.555180315,34.03740081,0.716472385
74880,0.554864625,34.02872154,0.7171693
74880,0.554864625,34.02872154,0.7171693
74910,0.554355792,34.01215675,0.716969985
74940,0.555057731,33.97305896,0.717647869
74970,0.552588969,33.82762312,0.718164692
75000,0.552959169,33.86002515,0.718496431
75030,0.554513033,33.97870687,0.718385458
75060,0.554601,34.01609227,0.719009646
75090,0.555538508,34.01220308,0.719164685
75120,0.556614608,34.01419433,0.719713567
75150,0.559076962,34.00097787,0.719875023
75180,0.559346169,33.987322,0.719015623
75210,0.559819746,33.97189459,0.717730785
75240,0.558528683,33.94828477,0.716237008
75270,0.557461577,33.9486277,0.715304108
75300,0.557658669,33.94602818,0.7146707
75330,0.557805323,33.81813629,0.714956777
75360,0.558276454,33.36019644,0.716290908
75390,0.558747433,32.97287194,0.717615933
75420,0.5592909,33.06438235,0.718294508
75450,0.562389431,33.73640674,0.718135838
75480,0.566709169,34.13204194,0.718703146
75510,0.5681823,34.13690431,0.720063833
75540,0.571139431,34.08406216,0.721914692
75570,0.5732344,34.05332619,0.723455783
75600,0.574367808,34.02190936,0.7245361
75630,0.576887046,34.00098162,0.724975992
75660,0.576826954,33.99862506,0.724810123
75690,0.575685131,33.99212942,0.724270469
75720,0.575398442,33.97336008,0.723755242
75750,0.5746707,33.97173024,0.722556538
75780,0.573798092,33.96541428,0.720854585
75810,0.573682738,33.96217077,0.7191695
75840,0.571603385,33.95564527,0.717933915
75870,0.571762054,33.93931637,0.717104608
75900,0.571640667,33.91801008,0.716183625
75930,0.570721392,33.61575507,0.716065133
75960,0.5708654,33.28321514,0.714543315
75990,0.570528877,33.45302745,0.713711577
76020,0.573593762,34.02578118,0.713576946
76050,0.574240415,34.15444518,0.713753638
76080,0.57375785,34.10368393,0.715324242
76110,0.576887031,34.05590692,0.717673092
76140,0.578173085,34.03559757,0.718782485
76170,0.5802981,34.02428987,0.718590169
76200,0.580663485,34.00004714,0.7191671
76230,0.581171908,33.99926072,0.71907685
76260,0.581622638,33.99702635,0.718067331
76290,0.582074546,33.99135897,0.716838969
76320,0.580379838,33.98019064,0.715078154
76350,0.578440133,33.96971051,0.713365933
76380,0.578009638,33.95875772,0.711846177
76410,0.579075542,33.96602348,0.711304725
76440,0.576870208,33.9540768,0.710046908
76470,0.576331754,33.95306329,0.708531285
76500,0.576259631,33.8790143,0.707775277
76530,0.574908669,33.51422993,0.707998808
76560,0.574424508,33.28402601,0.708444042
76590,0.575562538,33.78660145,0.707729608
76620,0.577670685,34.20260783,0.707994031
76650,0.577685115,34.21656338,0.710121415
76680,0.580572131,34.15815915,0.711494015
76710,0.582456754,34.11030124,0.712336569
76740,0.582828158,34.09575119,0.711597675
76770,0.583724008,34.08181983,0.710852892
76800,0.581846177,34.07465475,0.7098522
76830,0.579312515,34.07531887,0.708111815
76860,0.579413492,34.07428911,0.706225992
76890,0.577805323,34.06028872,0.704956769
76920,0.5764141,34.04412747,0.703833358
76950,0.575084169,34.02360527,0.702650269
76980,0.575399062,33.78797142,0.701759638
77010,0.573704362,33.71696269,0.700522877
77040,0.574966369,33.85768669,0.699948346
77070,0.57407295,34.05010915,0.700243517
77100,0.575757223,34.09326081,0.700520462
77130,0.575396662,34.05151826,0.7001719
77160,0.576069738,34.02065954,0.699890646
77190,0.57701565,34.00628627,0.699944058
77220,0.576762054,33.99917619,0.699944754
77250,0.576252608,33.98565583,0.699907583
77280,0.575826954,33.96470641,0.700469992
77310,0.574447154,33.9635726,0.700013269
77340,0.575514454,33.95748867,0.698963985
77370,0.573692323,33.89226093,0.699316131
77400,0.574805331,33.66684908,0.699365415
77430,0.5718099,33.52727364,0.698901075
77460,0.572504838,33.99976954,0.699018069
77490,0.574605792,34.08640617,0.700050523
77520,0.576783677,34.06515967,0.7025445
77550,0.579276462,34.03239658,0.702717592
77580,0.579174492,34.01323986,0.70144665
77610,0.576153683,34.00671714,0.699355517
77640,0.575175515,33.99500253,0.697950754
77670,0.574461577,33.93484651,0.696304115
77700,0.573389446,33.93749318,0.695004838
77730,0.573040885,33.96104469,0.694927915
77760,0.572921883,33.95775938,0.695033875
77790,0.570764431,33.94844397,0.695182715
77820,0.571442323,33.94419843,0.694715185
77850,0.571435108,33.94004994,0.694382246
77880,0.571841362,33.94558419,0.694407477
77910,0.571580767,33.9566775,0.694118525
77940,0.570000031,33.95344252,0.694670723
77970,0.569367823,33.94754729,0.694838962
78000,0.569776485,33.93943068,0.695200746
78030,0.568557715,33.9480083,0.695019246
78060,0.567382825,33.9434407,0.694418
78090,0.5667448,33.96087498,0.693056017
78120,0.565151469,33.9560556,0.691358215
78150,0.563747608,33.74220542,0.690319754
78180,0.563019254,33.39847474,0.689912277
78210,0.564240423,33.26871397,0.689316138
78240,0.564463946,33.72859921,0.689270469
78270,0.564398458,34.00706583,0.689755233
78300,0.565771654,34.05531341,0.690604615
78330,0.567752415,34.03894815,0.692810131
78360,0.569750046,34.01885605,0.692062538
78390,0.570543292,34.01003126,0.691151477
78420,0.567695342,34.01149108,0.689511742
78450,0.56814845,34.00844242,0.688199242
78480,0.566461562,34.01418335,0.687526485
78510,0.567225985,34.00486949,0.686332954
78540,0.565326946,34.00921831,0.684899069
78570,0.564048108,34.01280141,0.683843777
78600,0.563841158,34.00116676,0.683226617
78630,0.561961577,33.99492241,0.683816138
78660,0.561776485,33.97865981,0.6855409
78690,0.561180315,33.96509496,0.686318546
78720,0.560677931,33.76928069,0.688211554
78750,0.559591377,33.52632678,0.690799323
78780,0.559710983,33.74569122,0.691733108
78810,0.562247615,34.08857868,0.693950754
78840,0.5641731,34.11002016,0.6966695
78870,0.566023458,34.07920808,0.6989141
78900,0.566418292,34.04452815,0.699808923
78930,0.565390633,34.02321008,0.700365925
78960,0.566093777,34.02219227,0.701564938
78990,0.566055323,34.00948734,0.701859385
79020,0.565310115,33.99054767,0.701373838
79050,0.564538492,33.99014017,0.701765662
79080,0.564151446,33.97884482,0.701639469
79110,0.563854192,33.96810995,0.701494825
79140,0.563588954,33.95863882,0.701412292
79170,0.563401462,33.92415024,0.702063731
79200,0.563526462,33.75906633,0.703108215
79230,0.564336554,33.55630671,0.703969985
79260,0.565794292,33.73950769,0.704501333
79290,0.567820342,33.99710538,0.704477892
79320,0.568055308,34.01203331,0.705722392
79350,0.570588969,33.97801267,0.707572146
79380,0.571658692,33.95273255,0.709482023
79410,0.573939938,33.95398943,0.710899085
79440,0.5731667,33.94492077,0.710407575
79470,0.574629831,33.94298878,0.710810115
79500,0.573829338,33.93191811,0.709780077
79530,0.572533685,33.91533836,0.7093474
79560,0.573932715,33.91723586,0.709566131
79590,0.572812525,33.91806576,0.710384158
79620,0.572495223,33.90946922,0.711372623
79650,0.571000023,33.90738118,0.7120469
79680,0.571435138,33.88724954,0.711727208
79710,0.571738008,33.85634051,0.7117392
79740,0.571565142,33.77680306,0.711973992
79770,0.571554708,33.84927027,0.712632842
79800,0.574627423,33.88999591,0.712710362
79830,0.574901469,33.87204612,0.712945946
79860,0.574742808,33.85468255,0.713847392
79890,0.575165885,33.83877557,0.713848608
79920,0.575336562,33.81689939,0.712471162
79950,0.573942742,33.81141368,0.711074275
79980,0.574850985,33.80661452,0.710680338
80010,0.575281285,33.80958934,0.709984377
80040,0.575175515,33.7983829,0.710688731
80070,0.574829354,33.78986907,0.710420723
80100,0.574184933,33.79565441,0.70969795
80130,0.573231792,33.71770352,0.708625025
80160,0.572538492,33.51183495,0.7076022
80190,0.573192338,33.25973747,0.7076094
80220,0.574031277,33.4516776,0.707423092
80250,0.575757231,33.87773949,0.708048108
80280,0.577734392,33.9367342,0.709925833
80310,0.580199531,33.90637733,0.712236815
80340,0.580613008,33.87009477,0.713509654
80370,0.5823582,33.85413225,0.714058931
80400,0.5816731,33.84078096,0.713826969
80430,0.583106808,33.81384323,0.71363675
80460,0.5811202,33.79818569,0.712889462
80490,0.580079362,33.77821086,0.711525277
80520,0.578363015,33.75817394,0.711144246
80550,0.579346383,33.75285049,0.710147158
80580,0.578418292,33.74659594,0.708971185
80610,0.576669283,33.64230563,0.7082292
80640,0.575841362,33.49087347,0.707515654
80670,0.575521662,33.4601861,0.706756054
80700,0.575689946,33.56566596,0.706062538
80730,0.576069738,33.88735575,0.705527685
80760,0.577858185,33.90353092,0.705736823
80790,0.578492225,33.85933326,0.70675915
80820,0.580334162,33.81453164,0.707562523
80850,0.580627423,33.78160439,0.708433938
80880,0.580307723,33.7659772,0.708155085
80910,0.579468785,33.7622201,0.707674323
80940,0.577653683,33.74334548,0.706622417
80970,0.5772909,33.74487264,0.705131046
81000,0.577716175,33.73826311,0.704838567
81030,0.575117815,33.72708677,0.704525269
81060,0.574512038,33.70452635,0.703945954
81090,0.573086554,33.60681138,0.703893046
81120,0.571914092,33.55867205,0.704247417
81150,0.572108215,33.57427117,0.704288485
81180,0.5713582,33.70089604,0.7039219
81210,0.573238015,33.74157622,0.704643046
81240,0.573834154,33.7315979,0.705585377
81270,0.572891838,33.71054721,0.704554115
81300,0.572260433,33.69916463,0.704188833
81330,0.570641862,33.68714105,0.703739223
81360,0.5708594,33.6844713,0.704270875
81390,0.571884654,33.66971923,0.704304115
81420,0.570848585,33.65588577,0.703531292
81450,0.569617808,33.64440028,0.703456754
81480,0.569807325,33.63319877,0.703173217
81510,0.568423108,33.61955444,0.702175508
81540,0.568562538,33.61057214,0.700757238
81570,0.567141862,33.60720039,0.699188738
81600,0.567550515,33.51399242,0.698133454
81630,0.565380225,33.33185866,0.697910192
81660,0.566360608,33.40255538,0.698596192
81690,0.567819738,33.67273251,0.698822154
81720,0.568045723,33.68269109,0.699546908
81750,0.569389431,33.67822041,0.700507254
81780,0.570255242,33.66740705,0.701282583
81810,0.5714271,33.6700549,0.701522167
81840,0.570310123,33.67048398,0.701330554
81870,0.570149069,33.66125034,0.701207962
81900,0.5708053,33.63561416,0.701001231
81930,0.5687957,33.61544768,0.700269246
81960,0.568135442,33.59914075,0.700104167
81990,0.567471177,33.59655153,0.699955569
82020,0.567716385,33.5107576,0.699960377
82050,0.566423092,33.22811277,0.699217577
82080,0.566230792,33.09015014,0.698877431
82110,0.565100977,32.94374013,0.6989856
82140,0.564546892,32.78994761,0.699782583
82170,0.565822138,33.22213527,0.700119008
82170,0.565822138,33.22213527,0.700119008
82200,0.569153862,33.76055272,0.699753623
82230,0.57135155,33.95260587,0.700221392
82260,0.5690457,33.92485901,0.701492815
82290,0.570915892,33.84750168,0.703021677
82320,0.571250017,33.7539224,0.7050391
82350,0.569975992,33.69086298,0.706348585
82380,0.569052908,33.6543929,0.706701962
82410,0.567781277,33.6257983,0.7068618
82440,0.569254815,33.61017655,0.707937538
82470,0.568117217,33.4122666,0.708393267
82500,0.566103385,33.19602849,0.707891862
82530,0.565641838,33.05357916,0.708305308
82560,0.566463969,33.20405658,0.709552908
82590,0.567264438,33.58574935,0.710508446
82620,0.5681172,33.70445666,0.711636742
82650,0.567945325,33.69951215,0.712933642
82680,0.567774054,33.6609638,0.715525277
82710,0.568213954,33.63879997,0.719227192
82740,0.567790885,33.63184598,0.721360608
82770,0.566389454,33.61719079,0.7217741
82800,0.566829354,33.60899968,0.722088992
82830,0.565963567,33.60931951,0.722388075
82860,0.565935123,33.60501561,0.721841385
82890,0.565944738,33.53241708,0.721724808
82920,0.565355777,33.50480269,0.721395454
82950,0.565146646,33.58007321,0.721992838
82980,0.567458358,33.61837524,0.722298208
83010,0.566538492,33.61741779,0.722320946
83040,0.567221383,33.61219179,0.721953142
83070,0.566088985,33.59556274,0.721026485
83100,0.566805308,33.59614403,0.720727192
83130,0.566875008,33.58990208,0.720347385
83160,0.566481792,33.59547657,0.719688842
83190,0.565757231,33.60064861,0.718389446
83220,0.565300515,33.5968743,0.717564938
83250,0.564747631,33.58378464,0.717162277
83280,0.563829346,33.54228551,0.717726
83310,0.56439585,33.50562786,0.717904983
83340,0.563935123,33.48796581,0.718381038
83370,0.564254823,33.60408999,0.718424315
83400,0.565254831,33.61739105,0.7186707
83430,0.564625046,33.6100901,0.718659915
83460,0.567093767,33.61377874,0.718322942
83490,0.566692742,33.60453876,0.717516942
83520,0.566394262,33.6036214,0.716322154
83550,0.566848569,33.60366671,0.715328154
83580,0.567033685,33.59732608,0.714408677
83610,0.5666683,33.59153887,0.713495231
83640,0.565625017,33.58988526,0.7129193
83670,0.566622631,33.57932547,0.712063731
83700,0.5653029,33.56824818,0.710734408
83730,0.565516846,33.51163592,0.710360608
83760,0.565399085,33.54345831,0.7085457
83790,0.564848592,33.50286194,0.707971185
83820,0.565463567,33.34157368,0.7075352
83850,0.565901454,33.27979321,0.707263238
83880,0.567512046,33.59572676,0.7073582
83910,0.570677915,33.68568491,0.707876238
83940,0.575268267,33.68595742,0.710276075
83970,0.577127438,33.66480887,0.711376231
84000,0.577742208,33.64550581,0.712072958
84030,0.580016862,33.62884244,0.711914677
84060,0.580103385,33.6278939,0.710656277
84090,0.578752431,33.62871005,0.709736823
84120,0.580406285,33.62855513,0.708984415
84150,0.57839065,33.62204448,0.7079206
84180,0.578711562,33.62293733,0.7061118
84210,0.577853377,33.59652147,0.704219985
84240,0.576675508,33.4137064,0.703522854
84270,0.576939931,33.29770818,0.701491615
84300,0.575940133,33.40161352,0.701212258
84330,0.576651058,33.61648424,0.700770875
84360,0.576706762,33.66867614,0.700984392
84390,0.576040877,33.65062769,0.701441123
84420,0.576266838,33.6243455,0.701656277
84450,0.574358208,33.61574622,0.700723585
84480,0.574710967,33.61327794,0.699906275
84510,0.5736731,33.60274045,0.699215177
84540,0.573326962,33.60670535,0.698300515
84570,0.571896669,33.48044388,0.697716377
84600,0.571526469,33.31519199,0.697306515
84630,0.570942346,33.28291984,0.696810123
84660,0.5694193,33.37740472,0.696442742
84690,0.570896669,33.64200587,0.695846177
84720,0.571271669,33.72330221,0.696066123
84750,0.572091175,33.70918906,0.696000017
84780,0.572336562,33.68276391,0.695817354
84810,0.5728702,33.66407637,0.696240431
84840,0.573046892,33.66346879,0.696196642
84870,0.572701946,33.65073548,0.695507246
84900,0.571283685,33.6383891,0.694795685
84930,0.571403869,33.62914576,0.693888246
84960,0.571088954,33.61458813,0.693894269
84990,0.569710975,33.57078224,0.69351175
85020,0.566863015,33.53023613,0.691986831
85050,0.567019254,33.49999926,0.6922885
85080,0.565824538,33.47625246,0.689622623
85110,0.562238023,33.45363543,0.6866683
85140,0.560989592,33.43391985,0.683237008
85170,0.561055323,33.40836766,0.683954354
85200,0.562104208,33.38874333,0.684516958
85230,0.563322169,33.3766798,0.685635862
85260,0.567182715,33.36263421,0.6876094
85290,0.568875008,33.34334658,0.689701954
85320,0.570002625,33.32619658,0.690304717
85350,0.572564938,33.31686181,0.692629846
85380,0.576016838,33.30195309,0.695706754
85410,0.581500031,33.29968931,0.699031269
85440,0.583680323,33.28961895,0.701621431
85470,0.588336554,33.27647285,0.704913485
85500,0.588648475,33.25972175,0.704740908
85530,0.588810123,33.2524701,0.706275277
85560,0.589365408,33.24146088,0.708107
85590,0.593617217,33.24128448,0.711765658
85620,0.603870208,33.29041699,0.720396669
85650,0.613141854,33.30429666,0.726601008
85680,0.618812533,33.29516235,0.730140667
85710,0.621290885,33.29644514,0.730786085
85740,0.621415908,33.32475665,0.730526477
85770,0.621750038,33.40707377,0.729585377
85800,0.620548131,33.45011756,0.728774069
85800,0.620548131,33.45011756,0.728774069
85830,0.61688805,33.48500366,0.727343758
85860,0.617540877,33.49881722,0.726326946
85890,0.616435108,33.54989432,0.724920715
85920,0.613519285,33.49508078,0.724117831
85950,0.612617823,33.19134591,0.722792123
85980,0.608240415,32.86961116,0.720340162
86010,0.6061165,32.86313358,0.719816791
86040,0.606396669,33.00490438,0.719061346
86070,0.605127431,33.53769548,0.717895469
86100,0.606259654,33.85446987,0.718355792
86130,0.607656254,33.8843988,0.718607008
86160,0.606033883,33.82208046,0.718098983
86190,0.6041779,33.77031903,0.717055323
86220,0.602867823,33.73728617,0.715744015
86250,0.600004823,33.71805803,0.714167108
86280,0.598149062,33.69712053,0.712849792
86310,0.594759638,33.69163296,0.710570938
86340,0.593341183,33.60231985,0.709167983
86370,0.589593769,33.36550682,0.7077272
0,0.588536077,33.2780876,0.706359415
30,0.587776446,33.72709311,0.706490415
60,0.588156267,33.87905718,0.705945342
90,0.588675508,33.86078462,0.706576969
120,0.58983595,33.83043368,0.706878942
150,0.587233192,33.8149968,0.706308931
180,0.586790892,33.81685593,0.705683923
210,0.584151462,33.80352643,0.703983192
