Time,CO,rh,MOS,vocs
6.13E-01,3.91E-01,9.32E-01,4.83E-01,1
6.14E-01,3.77E-01,9.15E-01,4.96E-01,0.815532062
6.14E-01,3.72E-01,9.05E-01,5.03E-01,0.842377063
6.14E-01,3.73E-01,8.99E-01,5.11E-01,0.835797239
6.15E-01,3.74E-01,8.56E-01,5.18E-01,0.871184112
6.15E-01,3.74E-01,7.50E-01,5.23E-01,0.855574878
6.15E-01,3.82E-01,6.71E-01,5.33E-01,0.783981823
6.16E-01,3.90E-01,7.79E-01,5.31E-01,0.815288061
6.16E-01,4.14E-01,9.25E-01,5.46E-01,0.757526852
6.17E-01,4.37E-01,9.47E-01,5.75E-01,0.75665732
6.17E-01,4.40E-01,9.26E-01,5.88E-01,0.744919953
6.17E-01,4.44E-01,9.05E-01,5.97E-01,0.769712351
6.18E-01,4.34E-01,8.87E-01,6.00E-01,0.801218705
6.18E-01,4.07E-01,8.73E-01,5.84E-01,0.746231591
6.18E-01,4.05E-01,8.57E-01,5.78E-01,0.794592831
6.19E-01,3.98E-01,8.15E-01,5.63E-01,0.795034783
6.19E-01,3.96E-01,8.24E-01,5.52E-01,0.780617428
6.19E-01,3.95E-01,8.42E-01,5.55E-01,0.744550011
6.20E-01,4.02E-01,8.67E-01,5.64E-01,0.70994938
6.20E-01,4.09E-01,8.79E-01,5.85E-01,0.711260554
6.20E-01,4.10E-01,8.79E-01,5.97E-01,0.728798303
6.21E-01,3.93E-01,8.69E-01,5.96E-01,0.726128205
6.21E-01,3.94E-01,8.50E-01,5.82E-01,0.718008659
6.21E-01,3.75E-01,7.82E-01,5.58E-01,0.759072137
6.22E-01,3.58E-01,7.31E-01,6.58E-01,0.758266116
6.22E-01,3.69E-01,7.49E-01,9.95E-01,0.740717086
6.22E-01,3.98E-01,8.76E-01,1.00E+00,0.75228339
6.23E-01,4.07E-01,9.37E-01,9.14E-01,0.699318282
6.23E-01,4.07E-01,9.38E-01,8.81E-01,0.719194202
6.23E-01,4.18E-01,9.36E-01,8.66E-01,0.733120774
6.24E-01,4.22E-01,9.30E-01,8.53E-01,0.783014629
6.24E-01,4.28E-01,8.96E-01,8.57E-01,0.710871451
6.25E-01,4.23E-01,7.35E-01,8.51E-01,0.683139148
6.25E-01,4.20E-01,6.28E-01,8.47E-01,0.666800231
6.25E-01,4.09E-01,5.30E-01,8.39E-01,0.681943097
6.26E-01,4.09E-01,6.63E-01,8.31E-01,0.655520268
6.26E-01,4.33E-01,8.60E-01,8.32E-01,0.667059221
6.26E-01,4.65E-01,9.78E-01,8.62E-01,0.889611172
6.27E-01,4.80E-01,1.00E+00,8.70E-01,0.927314273
6.27E-01,4.72E-01,9.76E-01,8.69E-01,0.869653661
6.27E-01,4.77E-01,9.52E-01,8.77E-01,0.826172122
6.28E-01,4.85E-01,9.34E-01,8.81E-01,0.821716292
6.28E-01,4.87E-01,9.17E-01,8.68E-01,0.814099892
6.28E-01,4.70E-01,8.72E-01,8.44E-01,0.817420864
6.29E-01,4.44E-01,7.91E-01,8.13E-01,0.818244192
6.29E-01,4.35E-01,7.05E-01,7.86E-01,0.784840383
6.29E-01,4.35E-01,6.96E-01,7.72E-01,0.794639962
6.30E-01,4.43E-01,8.10E-01,7.65E-01,0.758716567
6.30E-01,4.47E-01,8.56E-01,7.49E-01,0.762374411
6.30E-01,4.34E-01,8.50E-01,7.53E-01,0.773062375
6.31E-01,4.31E-01,8.38E-01,7.53E-01,0.784105754
6.31E-01,4.24E-01,8.26E-01,7.43E-01,0.760145492
6.31E-01,4.19E-01,8.08E-01,7.25E-01,0.765934748
6.32E-01,4.01E-01,7.42E-01,7.12E-01,0.778794301
6.32E-01,4.00E-01,6.73E-01,7.14E-01,0.766266829
6.33E-01,4.04E-01,6.33E-01,7.20E-01,0.755491711
6.33E-01,3.96E-01,7.21E-01,7.12E-01,0.726007827
6.33E-01,4.24E-01,8.29E-01,7.20E-01,0.705417677
6.34E-01,4.30E-01,8.40E-01,7.39E-01,0.701297947
6.34E-01,4.32E-01,8.25E-01,7.53E-01,0.756124042
6.34E-01,4.42E-01,8.09E-01,7.55E-01,0.712424308
6.35E-01,4.30E-01,7.96E-01,7.52E-01,0.67882533
6.35E-01,4.12E-01,7.81E-01,7.36E-01,0.682357697
6.35E-01,4.17E-01,7.44E-01,7.31E-01,0.692046016
6.36E-01,4.25E-01,7.46E-01,7.08E-01,0.66816379
6.36E-01,4.22E-01,7.37E-01,7.00E-01,0.684576108
6.36E-01,4.28E-01,7.32E-01,6.98E-01,0.688389872
6.37E-01,4.39E-01,7.62E-01,6.97E-01,0.685117576
6.37E-01,4.44E-01,7.72E-01,7.15E-01,0.70608694
6.37E-01,4.42E-01,7.64E-01,7.23E-01,0.65980658
6.38E-01,4.56E-01,7.56E-01,7.28E-01,0.683339571
6.38E-01,4.41E-01,7.46E-01,7.24E-01,0.663133269
6.38E-01,4.44E-01,7.39E-01,7.01E-01,0.68677783
6.39E-01,4.38E-01,7.13E-01,6.86E-01,0.672919869
6.39E-01,4.29E-01,6.41E-01,6.69E-01,0.692120035
6.39E-01,4.21E-01,5.77E-01,6.49E-01,0.693088929
6.40E-01,4.31E-01,6.33E-01,6.43E-01,0.651559084
6.40E-01,4.61E-01,7.64E-01,6.39E-01,0.693475714
6.41E-01,4.62E-01,8.10E-01,6.55E-01,0.621744664
6.41E-01,4.63E-01,8.02E-01,6.74E-01,0.614334713
6.41E-01,4.50E-01,7.90E-01,6.78E-01,0.655323862
6.42E-01,4.52E-01,7.80E-01,6.81E-01,0.656239598
6.42E-01,4.49E-01,7.64E-01,6.72E-01,0.65148182
6.42E-01,4.30E-01,6.79E-01,6.64E-01,0.631941691
6.43E-01,4.02E-01,5.65E-01,6.49E-01,0.630207572
6.43E-01,4.03E-01,4.71E-01,6.53E-01,0.613976825
6.43E-01,4.21E-01,5.85E-01,6.40E-01,0.609763451
6.44E-01,4.34E-01,7.61E-01,6.38E-01,0.600149305
6.44E-01,4.51E-01,8.12E-01,6.57E-01,0.603051351
6.44E-01,4.50E-01,7.89E-01,6.67E-01,0.623849342
6.45E-01,4.41E-01,7.61E-01,6.72E-01,0.603605954
6.45E-01,4.52E-01,7.39E-01,6.87E-01,0.60506223
6.45E-01,4.60E-01,7.19E-01,6.89E-01,0.611421851
6.46E-01,4.41E-01,6.97E-01,6.66E-01,0.596053836
6.46E-01,4.22E-01,6.37E-01,6.46E-01,0.591313057
6.46E-01,4.13E-01,5.40E-01,6.22E-01,0.591394029
6.47E-01,4.24E-01,4.94E-01,6.23E-01,0.591278133
6.47E-01,4.27E-01,5.13E-01,6.33E-01,0.606156756
6.47E-01,4.47E-01,6.62E-01,6.32E-01,0.599380063
6.48E-01,4.52E-01,7.07E-01,6.41E-01,0.585196509
6.48E-01,4.61E-01,7.03E-01,6.63E-01,0.613142217
6.48E-01,4.49E-01,6.81E-01,6.71E-01,0.61300685
6.49E-01,4.38E-01,6.61E-01,6.71E-01,0.610997361
6.49E-01,4.25E-01,6.52E-01,6.72E-01,0.620627268
6.50E-01,4.22E-01,6.30E-01,6.65E-01,0.619845354
6.50E-01,4.17E-01,5.26E-01,6.56E-01,0.633224741
6.50E-01,4.04E-01,4.39E-01,6.48E-01,0.635514544
6.51E-01,4.29E-01,5.25E-01,6.46E-01,0.598592122
6.51E-01,4.34E-01,6.36E-01,6.45E-01,0.593222411
6.51E-01,4.44E-01,6.48E-01,6.61E-01,0.593139583
6.52E-01,4.52E-01,6.29E-01,6.76E-01,0.602041816
6.52E-01,4.41E-01,6.11E-01,6.69E-01,0.608596915
6.52E-01,4.37E-01,5.98E-01,6.64E-01,0.62069557
6.53E-01,4.40E-01,5.86E-01,6.55E-01,0.598428476
6.53E-01,4.25E-01,5.45E-01,6.45E-01,0.613336304
6.53E-01,4.07E-01,4.54E-01,6.30E-01,0.642615129
6.54E-01,3.99E-01,4.02E-01,6.15E-01,0.631603582
6.54E-01,4.10E-01,5.67E-01,5.97E-01,0.614825187
6.54E-01,4.45E-01,6.43E-01,6.05E-01,0.590300122
6.55E-01,4.50E-01,6.36E-01,6.21E-01,0.60800368
6.55E-01,4.41E-01,6.16E-01,6.28E-01,0.620287306
6.55E-01,4.16E-01,6.00E-01,6.26E-01,0.602494275
6.56E-01,4.03E-01,5.82E-01,6.14E-01,0.673620964
6.56E-01,3.87E-01,5.53E-01,6.09E-01,0.640576126
6.56E-01,3.82E-01,5.16E-01,5.89E-01,0.590742383
6.57E-01,3.80E-01,4.84E-01,5.87E-01,0.609092334
6.57E-01,3.95E-01,4.63E-01,5.97E-01,0.63240744
6.58E-01,4.03E-01,5.50E-01,6.10E-01,0.607266425
6.58E-01,4.10E-01,5.94E-01,6.36E-01,0.591083891
6.58E-01,4.01E-01,5.93E-01,6.54E-01,0.558706306
6.59E-01,4.00E-01,5.86E-01,6.67E-01,0.614530037
6.59E-01,3.98E-01,5.77E-01,6.74E-01,0.595368194
6.59E-01,3.88E-01,5.66E-01,6.66E-01,0.608867649
6.60E-01,3.56E-01,5.39E-01,6.55E-01,0.601159458
6.60E-01,3.61E-01,5.31E-01,6.54E-01,0.554210608
6.60E-01,3.63E-01,5.17E-01,6.59E-01,0.573566385
6.61E-01,3.73E-01,5.49E-01,6.65E-01,0.59574138
6.61E-01,3.77E-01,5.70E-01,6.73E-01,0.570014238
6.61E-01,3.63E-01,5.69E-01,7.05E-01,0.581323561
6.62E-01,3.72E-01,5.65E-01,7.14E-01,0.576790931
6.62E-01,3.71E-01,5.61E-01,7.13E-01,0.587415693
6.62E-01,3.53E-01,5.60E-01,7.12E-01,0.577203059
6.63E-01,3.62E-01,5.43E-01,7.12E-01,0.591204578
6.63E-01,3.57E-01,4.84E-01,6.97E-01,0.572148895
6.63E-01,3.41E-01,4.42E-01,6.78E-01,0.583334595
6.64E-01,3.43E-01,5.48E-01,6.61E-01,0.564193768
6.64E-01,3.49E-01,6.17E-01,6.73E-01,0.586380043
6.64E-01,3.57E-01,6.12E-01,7.02E-01,0.585191101
6.65E-01,3.46E-01,6.03E-01,7.11E-01,0.574504218
6.65E-01,3.38E-01,5.97E-01,7.08E-01,0.560413691
6.66E-01,3.29E-01,5.95E-01,7.12E-01,0.585909967
6.66E-01,3.25E-01,5.79E-01,7.04E-01,0.5802295
6.66E-01,3.09E-01,4.86E-01,6.63E-01,0.598877381
6.67E-01,2.93E-01,4.13E-01,6.41E-01,0.585567378
6.67E-01,3.08E-01,4.54E-01,6.39E-01,0.563554947
6.67E-01,3.25E-01,6.27E-01,6.47E-01,0.578704767
6.68E-01,3.26E-01,6.70E-01,6.61E-01,0.579095569
6.68E-01,3.14E-01,6.61E-01,6.75E-01,0.53465518
6.68E-01,3.20E-01,6.50E-01,6.88E-01,0.557988212
6.69E-01,3.19E-01,6.44E-01,6.87E-01,0.575926499
6.69E-01,3.27E-01,6.37E-01,6.93E-01,0.574904602
6.69E-01,3.28E-01,6.36E-01,6.85E-01,0.613324251
6.70E-01,3.28E-01,5.93E-01,6.76E-01,0.617078212
6.70E-01,3.27E-01,6.07E-01,6.58E-01,0.58242195
6.70E-01,3.38E-01,6.58E-01,6.45E-01,0.55301703
6.71E-01,3.45E-01,6.95E-01,6.26E-01,0.599403242
6.71E-01,3.35E-01,7.06E-01,6.23E-01,0.552819233
6.71E-01,3.34E-01,7.05E-01,6.19E-01,0.543614743
6.72E-01,3.18E-01,7.03E-01,6.07E-01,0.550243707
6.72E-01,3.04E-01,6.95E-01,5.99E-01,0.569637034
6.72E-01,3.18E-01,6.46E-01,6.02E-01,0.570889951
6.73E-01,3.29E-01,5.83E-01,6.13E-01,0.556794943
6.73E-01,3.18E-01,5.57E-01,6.16E-01,0.547108324
6.73E-01,3.21E-01,5.78E-01,6.31E-01,0.521694102
6.74E-01,3.33E-01,6.38E-01,6.37E-01,0.555254139
6.74E-01,3.37E-01,6.73E-01,6.44E-01,0.539827404
6.75E-01,3.40E-01,7.30E-01,6.49E-01,0.544092854
6.75E-01,3.42E-01,7.59E-01,6.64E-01,0.531673708
6.75E-01,3.66E-01,7.62E-01,6.83E-01,0.585875508
6.76E-01,3.54E-01,6.46E-01,7.28E-01,0.540581658
6.76E-01,3.60E-01,5.41E-01,7.78E-01,0.543180827
6.76E-01,3.70E-01,5.36E-01,8.23E-01,0.534913243
6.77E-01,3.96E-01,5.39E-01,8.54E-01,0.533502861
6.77E-01,4.00E-01,6.61E-01,8.69E-01,0.507106457
6.77E-01,4.24E-01,7.86E-01,8.88E-01,0.545683107
6.78E-01,4.36E-01,8.47E-01,9.00E-01,0.560831691
6.78E-01,4.28E-01,8.71E-01,9.03E-01,0.541570176
6.78E-01,4.32E-01,8.62E-01,8.91E-01,0.60084932
6.79E-01,4.19E-01,8.46E-01,8.91E-01,0.568459372
6.79E-01,4.22E-01,8.27E-01,8.85E-01,0.565983517
6.79E-01,4.10E-01,7.96E-01,8.81E-01,0.567866138
6.80E-01,4.16E-01,7.83E-01,8.94E-01,0.601741104
6.80E-01,4.17E-01,7.48E-01,9.04E-01,0.65386774
6.80E-01,4.30E-01,7.42E-01,9.03E-01,0.686484535
6.81E-01,4.28E-01,7.09E-01,8.89E-01,0.715821154
6.81E-01,4.42E-01,7.45E-01,8.91E-01,0.755391886
6.81E-01,4.45E-01,8.26E-01,8.92E-01,0.746077217
6.82E-01,4.55E-01,8.49E-01,8.93E-01,0.774019679
6.82E-01,4.66E-01,8.49E-01,9.08E-01,0.805545039
6.83E-01,4.69E-01,8.46E-01,9.19E-01,0.771782879
6.83E-01,4.76E-01,8.42E-01,9.28E-01,0.769216315
6.83E-01,4.81E-01,7.94E-01,9.29E-01,0.765664477
6.84E-01,4.68E-01,7.55E-01,9.19E-01,0.772196088
6.84E-01,4.78E-01,7.41E-01,9.08E-01,0.800083847
6.84E-01,4.78E-01,7.61E-01,9.00E-01,0.81615373
6.85E-01,4.77E-01,8.37E-01,8.91E-01,0.840768266
6.85E-01,4.97E-01,8.61E-01,8.87E-01,0.812182502
6.85E-01,5.07E-01,8.59E-01,8.94E-01,0.828141897
6.86E-01,5.24E-01,8.53E-01,8.93E-01,0.848221022
6.86E-01,5.17E-01,8.46E-01,8.76E-01,0.877254146
6.86E-01,5.05E-01,7.89E-01,8.68E-01,0.816990965
6.87E-01,4.92E-01,7.09E-01,8.55E-01,0.83602285
6.87E-01,4.94E-01,6.86E-01,8.45E-01,0.839381218
6.87E-01,5.14E-01,7.68E-01,8.35E-01,0.839484443
6.88E-01,5.32E-01,8.76E-01,8.23E-01,0.86832039
6.88E-01,5.36E-01,8.94E-01,8.29E-01,0.836127466
6.88E-01,5.56E-01,8.90E-01,8.42E-01,0.828467643
6.89E-01,5.55E-01,8.83E-01,8.46E-01,0.856529401
6.89E-01,5.63E-01,8.80E-01,8.58E-01,0.841663295
6.89E-01,5.67E-01,8.69E-01,8.64E-01,0.820525959
6.90E-01,5.59E-01,7.91E-01,8.49E-01,0.803521179
6.90E-01,5.53E-01,7.18E-01,8.32E-01,0.822678232
6.91E-01,5.61E-01,7.46E-01,8.20E-01,0.814330294
6.91E-01,5.84E-01,8.87E-01,8.16E-01,0.79381339
6.91E-01,6.09E-01,9.44E-01,8.34E-01,0.79306269
6.92E-01,6.23E-01,9.42E-01,8.52E-01,0.809619647
6.92E-01,6.28E-01,8.08E-01,7.98E-01,0.788330718
6.92E-01,6.31E-01,7.86E-01,8.01E-01,0.742695669
6.93E-01,6.41E-01,7.74E-01,8.16E-01,0.79817882
6.93E-01,6.40E-01,7.54E-01,8.24E-01,0.767961234
6.93E-01,6.54E-01,6.92E-01,8.25E-01,0.751509821
6.94E-01,6.39E-01,6.13E-01,8.15E-01,0.755095037
6.94E-01,6.36E-01,6.06E-01,8.08E-01,0.791981145
6.94E-01,6.66E-01,7.77E-01,8.04E-01,0.774506753
6.95E-01,6.77E-01,8.60E-01,8.13E-01,0.779593213
6.95E-01,6.84E-01,8.58E-01,8.39E-01,0.762809409
6.95E-01,6.99E-01,8.44E-01,8.52E-01,0.764245906
6.96E-01,7.06E-01,8.30E-01,8.48E-01,0.758335345
6.96E-01,7.14E-01,8.20E-01,8.46E-01,0.76320701
6.96E-01,7.21E-01,8.13E-01,8.38E-01,0.78129859
6.97E-01,7.20E-01,7.81E-01,8.25E-01,0.798686446
6.97E-01,7.12E-01,7.38E-01,7.98E-01,0.79820818
6.97E-01,7.04E-01,7.05E-01,7.76E-01,0.805510425
6.98E-01,7.18E-01,7.81E-01,7.59E-01,0.784964933
6.98E-01,7.21E-01,8.50E-01,7.46E-01,0.79077675
6.99E-01,7.09E-01,8.58E-01,7.46E-01,0.755590764
6.99E-01,7.12E-01,8.54E-01,7.54E-01,0.813376235
6.99E-01,7.17E-01,8.45E-01,7.50E-01,0.790398773
7.00E-01,7.09E-01,8.34E-01,7.53E-01,0.775501144
7.00E-01,7.02E-01,8.18E-01,7.53E-01,0.80002868
7.00E-01,6.98E-01,7.55E-01,7.53E-01,0.765942319
7.01E-01,6.85E-01,6.81E-01,7.37E-01,0.773389048
7.01E-01,6.75E-01,7.05E-01,7.22E-01,0.802543014
7.01E-01,6.92E-01,8.29E-01,7.16E-01,0.757613851
7.02E-01,6.98E-01,8.57E-01,7.16E-01,0.7945491
7.02E-01,7.00E-01,8.47E-01,7.20E-01,0.714574109
7.02E-01,7.03E-01,8.38E-01,7.23E-01,0.770398149
7.03E-01,6.99E-01,8.28E-01,7.32E-01,0.769707252
7.03E-01,6.95E-01,8.17E-01,7.27E-01,0.709445153
7.03E-01,6.94E-01,7.63E-01,7.35E-01,0.750957381
7.04E-01,6.75E-01,6.85E-01,7.26E-01,0.768970151
7.04E-01,6.68E-01,6.25E-01,7.34E-01,0.763799782
7.04E-01,6.97E-01,7.23E-01,7.39E-01,0.749650225
7.05E-01,7.26E-01,8.46E-01,7.58E-01,0.797759893
7.05E-01,7.37E-01,8.56E-01,7.80E-01,0.772753318
7.05E-01,7.62E-01,8.42E-01,8.06E-01,0.736715107
7.06E-01,7.77E-01,8.31E-01,8.11E-01,0.756780943
7.06E-01,7.72E-01,8.24E-01,8.11E-01,0.746504952
7.06E-01,7.58E-01,8.16E-01,8.03E-01,0.760525014
7.07E-01,7.62E-01,7.89E-01,8.00E-01,0.784955816
7.07E-01,7.65E-01,7.39E-01,7.98E-01,0.778238153
7.08E-01,7.59E-01,6.99E-01,7.99E-01,0.757251173
7.08E-01,7.77E-01,7.18E-01,8.13E-01,0.768266428
7.08E-01,7.83E-01,8.27E-01,8.17E-01,0.77679362
7.09E-01,7.87E-01,8.56E-01,8.34E-01,0.80969382
7.09E-01,8.10E-01,8.50E-01,8.44E-01,0.771755682
7.09E-01,8.07E-01,8.44E-01,8.45E-01,0.786598299
7.10E-01,8.03E-01,8.36E-01,8.37E-01,0.790812291
7.10E-01,8.09E-01,8.28E-01,8.27E-01,0.80117111
7.10E-01,7.84E-01,7.84E-01,8.15E-01,0.79274977
7.11E-01,7.74E-01,7.37E-01,7.95E-01,0.757737629
7.11E-01,7.75E-01,6.60E-01,7.84E-01,0.782440092
7.11E-01,7.69E-01,6.27E-01,7.72E-01,0.744849179
7.12E-01,7.70E-01,8.20E-01,7.59E-01,0.797344211
7.12E-01,8.15E-01,9.11E-01,7.54E-01,0.80146116
7.12E-01,8.15E-01,9.10E-01,7.60E-01,0.780964808
7.13E-01,8.14E-01,9.00E-01,7.53E-01,0.799508074
7.13E-01,8.02E-01,8.90E-01,7.47E-01,0.787539532
7.13E-01,7.99E-01,8.84E-01,7.33E-01,0.802541314
7.14E-01,8.01E-01,8.79E-01,7.30E-01,0.786594127
7.14E-01,7.86E-01,8.61E-01,7.22E-01,0.800411911
7.14E-01,7.86E-01,7.81E-01,7.15E-01,0.779339477
7.15E-01,7.80E-01,7.04E-01,7.12E-01,0.781809615
7.15E-01,7.74E-01,6.72E-01,7.10E-01,0.765040028
7.16E-01,7.82E-01,7.66E-01,7.04E-01,0.760056638
7.16E-01,8.08E-01,9.01E-01,7.09E-01,0.751376308
7.16E-01,8.34E-01,9.32E-01,7.21E-01,0.757185189
7.17E-01,8.32E-01,9.29E-01,7.26E-01,0.742507454
7.17E-01,8.30E-01,9.22E-01,7.22E-01,0.730309746
7.17E-01,8.31E-01,9.20E-01,7.18E-01,0.721731096
7.18E-01,8.36E-01,9.16E-01,7.07E-01,0.733883218
7.18E-01,8.25E-01,9.13E-01,6.87E-01,0.712817738
7.18E-01,8.11E-01,8.73E-01,6.75E-01,0.700134502
7.19E-01,7.96E-01,8.08E-01,6.55E-01,0.686860194
7.19E-01,7.80E-01,7.28E-01,6.45E-01,0.70977878
7.19E-01,7.96E-01,7.80E-01,6.38E-01,0.67817461
7.20E-01,8.04E-01,9.11E-01,6.33E-01,0.680421918
7.20E-01,8.11E-01,9.63E-01,6.49E-01,0.727156128
7.20E-01,8.32E-01,9.60E-01,6.63E-01,0.693171447
7.21E-01,8.25E-01,9.48E-01,6.58E-01,0.724333356
7.21E-01,8.03E-01,9.38E-01,6.44E-01,0.699465702
7.21E-01,7.98E-01,9.27E-01,6.43E-01,0.656145027
7.22E-01,7.83E-01,9.18E-01,6.29E-01,0.713995708
7.22E-01,7.72E-01,8.83E-01,6.16E-01,0.678247393
7.22E-01,7.46E-01,8.36E-01,5.96E-01,0.713646629
7.23E-01,7.35E-01,7.75E-01,5.87E-01,0.701249116
7.23E-01,7.21E-01,7.38E-01,5.70E-01,0.720376345
7.24E-01,7.27E-01,8.89E-01,5.56E-01,0.674679176
7.24E-01,7.28E-01,9.63E-01,5.55E-01,0.676200354
7.24E-01,7.42E-01,9.69E-01,5.72E-01,0.67029103
7.25E-01,7.40E-01,9.56E-01,5.76E-01,0.685054065
7.25E-01,7.54E-01,9.42E-01,5.75E-01,0.686043974
7.25E-01,7.47E-01,9.32E-01,5.80E-01,0.688643453
7.26E-01,7.44E-01,9.18E-01,5.82E-01,0.70781086
7.26E-01,7.35E-01,9.01E-01,5.75E-01,0.691965043
7.26E-01,7.25E-01,8.55E-01,5.67E-01,0.663508774
7.27E-01,7.26E-01,8.10E-01,5.49E-01,0.668455231
7.27E-01,7.35E-01,8.79E-01,5.40E-01,0.654742681
7.27E-01,7.47E-01,9.21E-01,5.39E-01,0.654155936
7.28E-01,7.37E-01,9.12E-01,5.42E-01,0.656954602
7.28E-01,7.35E-01,8.98E-01,5.41E-01,0.664622924
7.28E-01,7.41E-01,8.89E-01,5.39E-01,0.69143362
7.29E-01,7.32E-01,8.79E-01,5.34E-01,0.661706508
7.29E-01,7.22E-01,8.54E-01,5.21E-01,0.651666327
7.29E-01,7.18E-01,7.81E-01,5.00E-01,0.655438986
7.30E-01,6.95E-01,7.31E-01,4.78E-01,0.661771101
7.30E-01,6.90E-01,7.44E-01,4.66E-01,0.683947641
7.30E-01,7.07E-01,8.55E-01,4.55E-01,0.699007834
7.31E-01,7.20E-01,8.86E-01,4.60E-01,0.665051123
7.31E-01,7.26E-01,8.73E-01,4.64E-01,0.687557118
7.32E-01,7.31E-01,8.58E-01,4.63E-01,0.658049127
7.32E-01,7.22E-01,8.47E-01,4.61E-01,0.667612433
7.32E-01,7.21E-01,8.38E-01,4.54E-01,0.648308577
7.33E-01,7.27E-01,8.11E-01,4.43E-01,0.643849657
7.33E-01,7.07E-01,7.30E-01,4.25E-01,0.667289004
7.33E-01,7.00E-01,7.01E-01,4.10E-01,0.628536655
7.34E-01,7.06E-01,8.14E-01,3.97E-01,0.662490276
7.34E-01,7.14E-01,8.42E-01,3.96E-01,0.632069949
7.34E-01,7.13E-01,8.29E-01,4.04E-01,0.610310945
7.35E-01,7.17E-01,8.15E-01,4.13E-01,0.616475396
7.35E-01,7.07E-01,8.06E-01,4.04E-01,0.618843082
7.35E-01,6.91E-01,8.02E-01,4.02E-01,0.624722583
7.36E-01,6.89E-01,7.90E-01,3.91E-01,0.615655468
7.36E-01,6.75E-01,7.65E-01,3.69E-01,0.599710135
7.36E-01,6.56E-01,7.56E-01,3.61E-01,0.633812876
7.37E-01,6.56E-01,7.12E-01,3.59E-01,0.625276413
7.37E-01,6.45E-01,7.07E-01,3.61E-01,0.600012084
7.37E-01,6.52E-01,7.83E-01,3.66E-01,0.624054247
7.38E-01,6.63E-01,8.01E-01,3.68E-01,0.590668055
7.38E-01,6.62E-01,7.97E-01,3.68E-01,0.580329789
7.38E-01,6.72E-01,7.85E-01,3.67E-01,0.597931358
7.39E-01,6.56E-01,7.74E-01,3.66E-01,0.611773712
7.39E-01,6.50E-01,7.65E-01,3.54E-01,0.588501565
7.39E-01,6.47E-01,7.57E-01,3.49E-01,0.587892723
7.40E-01,6.50E-01,7.22E-01,3.45E-01,0.599691437
7.40E-01,6.34E-01,6.72E-01,3.36E-01,0.597437794
7.40E-01,6.34E-01,6.72E-01,3.36E-01,0.653486828
7.41E-01,6.30E-01,6.15E-01,3.37E-01,0.599808261
7.41E-01,6.32E-01,6.64E-01,3.29E-01,0.582041655
7.41E-01,6.51E-01,7.45E-01,3.31E-01,0.587548588
7.42E-01,6.72E-01,7.84E-01,3.45E-01,0.568079078
7.42E-01,6.70E-01,7.79E-01,3.57E-01,0.583325787
7.42E-01,6.87E-01,7.70E-01,3.66E-01,0.560571929
7.43E-01,6.91E-01,7.66E-01,3.58E-01,0.538223089
7.43E-01,6.75E-01,7.61E-01,3.55E-01,0.541901949
7.43E-01,6.73E-01,7.58E-01,3.47E-01,0.58322488
7.44E-01,6.67E-01,7.49E-01,3.35E-01,0.580665115
7.44E-01,6.61E-01,7.11E-01,3.29E-01,0.553396707
7.44E-01,6.56E-01,6.82E-01,3.14E-01,0.541109372
7.45E-01,6.50E-01,7.08E-01,3.12E-01,0.548761469
7.45E-01,6.49E-01,7.62E-01,3.19E-01,0.555830376
7.45E-01,6.67E-01,7.69E-01,3.35E-01,0.5638144
7.46E-01,6.65E-01,7.63E-01,3.48E-01,0.554881725
7.46E-01,6.65E-01,7.54E-01,3.47E-01,0.561358015
7.46E-01,6.53E-01,7.48E-01,3.40E-01,0.561576209
7.47E-01,6.46E-01,7.43E-01,3.30E-01,0.5737631
7.47E-01,6.37E-01,7.37E-01,3.28E-01,0.575826982
7.47E-01,6.34E-01,7.27E-01,3.18E-01,0.573658948
7.48E-01,6.25E-01,7.01E-01,3.03E-01,0.596275276
7.48E-01,6.10E-01,7.00E-01,2.83E-01,0.5728452
7.49E-01,5.99E-01,6.85E-01,2.76E-01,0.551346268
7.49E-01,6.00E-01,7.20E-01,2.73E-01,0.574028889
7.49E-01,5.99E-01,7.35E-01,2.81E-01,0.562499826
7.50E-01,6.03E-01,7.32E-01,2.98E-01,0.547869376
7.50E-01,6.10E-01,7.23E-01,2.98E-01,0.552340504
7.50E-01,6.03E-01,7.18E-01,2.97E-01,0.562915353
7.51E-01,5.83E-01,7.12E-01,3.00E-01,0.575223703
7.51E-01,6.00E-01,7.09E-01,2.94E-01,0.560951296
7.51E-01,5.87E-01,6.83E-01,2.86E-01,0.53453913
7.52E-01,5.74E-01,6.49E-01,2.76E-01,0.555653595
7.52E-01,5.94E-01,6.57E-01,2.76E-01,0.522824015
7.52E-01,5.97E-01,6.74E-01,2.80E-01,0.543773444
7.53E-01,6.07E-01,7.25E-01,2.95E-01,0.546835272
7.53E-01,6.17E-01,7.26E-01,3.19E-01,0.544668782
7.53E-01,6.22E-01,7.13E-01,3.37E-01,0.54317341
7.54E-01,6.17E-01,7.05E-01,3.45E-01,0.588340083
7.54E-01,6.19E-01,6.99E-01,3.47E-01,0.558548841
7.54E-01,6.15E-01,6.97E-01,3.42E-01,0.574100745
7.55E-01,6.06E-01,6.91E-01,3.43E-01,0.581707256
7.55E-01,5.92E-01,6.77E-01,3.39E-01,0.532978237
7.55E-01,5.81E-01,6.81E-01,3.41E-01,0.534684077
7.56E-01,5.79E-01,6.53E-01,3.51E-01,0.540096129
7.56E-01,5.97E-01,6.74E-01,3.58E-01,0.538932839
7.57E-01,5.99E-01,6.82E-01,3.74E-01,0.562977319
7.57E-01,5.98E-01,6.76E-01,3.81E-01,0.533596351
7.57E-01,5.93E-01,6.68E-01,3.87E-01,0.58798034
7.58E-01,5.90E-01,6.59E-01,3.89E-01,0.557212015
7.58E-01,5.87E-01,6.52E-01,3.88E-01,0.593375858
7.58E-01,5.93E-01,6.35E-01,3.83E-01,0.589754482
7.59E-01,5.70E-01,5.68E-01,3.78E-01,0.58262361
7.59E-01,5.67E-01,5.41E-01,3.81E-01,0.615616991
7.59E-01,5.83E-01,5.75E-01,3.83E-01,0.615511602
7.60E-01,5.87E-01,6.50E-01,3.91E-01,0.587546115
7.60E-01,6.11E-01,6.66E-01,4.12E-01,0.616196472
7.60E-01,6.17E-01,6.58E-01,4.41E-01,0.58532724
7.61E-01,6.23E-01,6.46E-01,4.65E-01,0.611947866
7.61E-01,6.26E-01,6.34E-01,4.81E-01,0.622218912
7.61E-01,6.22E-01,6.27E-01,4.79E-01,0.636361361
7.62E-01,6.06E-01,6.18E-01,4.71E-01,0.641432368
7.62E-01,6.09E-01,5.79E-01,4.60E-01,0.633577066
7.62E-01,6.02E-01,5.11E-01,4.53E-01,0.631993767
7.63E-01,6.02E-01,5.11E-01,4.50E-01,0.64538088
7.63E-01,6.17E-01,6.18E-01,4.40E-01,0.653785377
7.63E-01,6.23E-01,6.53E-01,4.41E-01,0.646888924
7.64E-01,6.38E-01,6.40E-01,4.52E-01,0.681543332
7.64E-01,6.43E-01,6.26E-01,4.53E-01,0.645894533
7.65E-01,6.44E-01,6.14E-01,4.46E-01,0.642363248
7.65E-01,6.54E-01,6.08E-01,4.46E-01,0.689887871
7.65E-01,6.52E-01,6.03E-01,4.42E-01,0.673789091
7.66E-01,6.50E-01,5.98E-01,4.31E-01,0.69411268
7.66E-01,6.44E-01,5.86E-01,4.20E-01,0.706673839
7.66E-01,6.32E-01,5.26E-01,3.99E-01,0.701462365
7.67E-01,6.08E-01,4.79E-01,3.78E-01,0.658256504
7.67E-01,6.21E-01,5.32E-01,3.66E-01,0.687013795
7.67E-01,6.31E-01,6.15E-01,3.62E-01,0.682597525
7.68E-01,6.22E-01,6.16E-01,3.64E-01,0.655484418
7.68E-01,6.31E-01,6.03E-01,3.78E-01,0.687409852
7.68E-01,6.36E-01,5.90E-01,3.74E-01,0.682191733
7.69E-01,6.16E-01,5.82E-01,3.70E-01,0.647791989
7.69E-01,6.14E-01,5.74E-01,3.64E-01,0.690151497
7.69E-01,6.03E-01,5.68E-01,3.52E-01,0.677143442
7.70E-01,5.97E-01,5.65E-01,3.36E-01,0.618303932
7.70E-01,5.89E-01,5.50E-01,3.25E-01,0.645261275
7.70E-01,5.76E-01,5.35E-01,3.11E-01,0.660840994
7.71E-01,5.70E-01,5.40E-01,3.03E-01,0.615335131
7.71E-01,5.63E-01,4.87E-01,3.00E-01,0.632805814
7.71E-01,5.42E-01,4.85E-01,2.95E-01,0.618793169
7.72E-01,5.50E-01,5.42E-01,2.93E-01,0.638598933
7.72E-01,5.69E-01,5.61E-01,3.08E-01,0.599529646
7.72E-01,5.84E-01,5.61E-01,3.19E-01,0.598398034
7.73E-01,5.98E-01,5.58E-01,3.17E-01,0.657385582
7.73E-01,5.78E-01,5.51E-01,3.09E-01,0.623653864
7.74E-01,5.74E-01,5.43E-01,3.08E-01,0.617200135
7.74E-01,5.78E-01,5.39E-01,3.01E-01,0.627332106
7.74E-01,5.65E-01,5.39E-01,2.85E-01,0.62138863
7.75E-01,5.54E-01,5.38E-01,2.71E-01,0.582705819
7.75E-01,5.45E-01,5.33E-01,2.56E-01,0.613020448
7.75E-01,5.24E-01,5.16E-01,2.46E-01,0.596402607
7.76E-01,5.23E-01,5.13E-01,2.26E-01,0.607092426
7.76E-01,5.17E-01,5.28E-01,2.21E-01,0.623712275
7.76E-01,5.13E-01,5.30E-01,2.17E-01,0.596757868
7.77E-01,5.09E-01,5.27E-01,2.17E-01,0.62085937
7.77E-01,5.24E-01,5.25E-01,2.25E-01,0.621506072
7.77E-01,5.12E-01,5.25E-01,2.18E-01,0.572390732
7.78E-01,5.17E-01,5.19E-01,2.10E-01,0.562907627
7.78E-01,4.96E-01,5.18E-01,1.99E-01,0.58794449
7.78E-01,4.98E-01,5.14E-01,1.91E-01,0.595789284
7.79E-01,4.81E-01,5.05E-01,1.75E-01,0.580286212
7.79E-01,4.69E-01,4.87E-01,1.67E-01,0.563193196
7.79E-01,4.64E-01,4.75E-01,1.54E-01,0.548460293
7.80E-01,4.63E-01,4.88E-01,1.53E-01,0.576796494
7.80E-01,4.50E-01,5.03E-01,1.47E-01,0.58143204
7.80E-01,4.60E-01,5.05E-01,1.56E-01,0.570468243
7.81E-01,4.73E-01,5.03E-01,1.65E-01,0.567760904
7.81E-01,4.74E-01,4.95E-01,1.69E-01,0.568610656
7.82E-01,4.68E-01,4.89E-01,1.67E-01,0.572243776
7.82E-01,4.81E-01,4.87E-01,1.69E-01,0.534210293
7.82E-01,4.85E-01,4.88E-01,1.70E-01,0.55144872
7.83E-01,4.82E-01,4.72E-01,1.74E-01,0.558468332
7.83E-01,4.71E-01,4.25E-01,1.75E-01,0.547341198
7.83E-01,4.66E-01,3.81E-01,1.75E-01,0.544577301
7.84E-01,4.74E-01,4.47E-01,1.73E-01,0.540522628
7.84E-01,4.85E-01,5.06E-01,1.76E-01,0.509048108
7.84E-01,5.06E-01,5.05E-01,1.87E-01,0.52283545
7.85E-01,5.07E-01,4.95E-01,1.92E-01,0.540863672
7.85E-01,5.05E-01,4.87E-01,1.94E-01,0.533635447
7.85E-01,5.00E-01,4.82E-01,1.99E-01,0.539014739
7.86E-01,5.08E-01,4.75E-01,1.91E-01,0.523091967
7.86E-01,5.05E-01,4.69E-01,1.91E-01,0.530452005
7.86E-01,4.95E-01,4.65E-01,1.90E-01,0.517193923
7.87E-01,4.81E-01,4.50E-01,1.93E-01,0.514270707
7.87E-01,4.86E-01,4.37E-01,1.91E-01,0.564926542
7.87E-01,4.94E-01,4.44E-01,1.97E-01,0.49568201
7.88E-01,4.78E-01,4.57E-01,2.03E-01,0.530666336
7.88E-01,4.84E-01,4.65E-01,2.18E-01,0.523302898
7.88E-01,4.93E-01,4.64E-01,2.38E-01,0.536661733
7.89E-01,5.07E-01,4.60E-01,2.51E-01,0.51383061
7.89E-01,5.04E-01,4.61E-01,2.61E-01,0.533168462
7.90E-01,5.02E-01,4.58E-01,2.63E-01,0.535104086
7.90E-01,5.03E-01,4.58E-01,2.57E-01,0.556831103
7.90E-01,4.83E-01,4.50E-01,2.45E-01,0.536891208
7.91E-01,4.71E-01,4.45E-01,2.28E-01,0.533146828
7.91E-01,4.73E-01,4.49E-01,2.16E-01,0.537238279
7.91E-01,4.69E-01,4.43E-01,2.13E-01,0.550165825
7.92E-01,4.73E-01,4.58E-01,2.21E-01,0.550102004
7.92E-01,4.74E-01,4.62E-01,2.29E-01,0.555593638
7.92E-01,4.78E-01,4.60E-01,2.38E-01,0.557695535
7.93E-01,4.88E-01,4.58E-01,2.42E-01,0.580215437
7.93E-01,4.78E-01,4.59E-01,2.40E-01,0.591302549
7.93E-01,4.73E-01,4.54E-01,2.29E-01,0.563983918
7.94E-01,4.65E-01,4.52E-01,2.14E-01,0.618011564
7.94E-01,4.58E-01,4.55E-01,2.09E-01,0.58402472
7.94E-01,4.57E-01,4.57E-01,2.04E-01,0.561491373
7.95E-01,4.51E-01,4.52E-01,1.99E-01,0.590558494
7.95E-01,4.49E-01,4.41E-01,1.94E-01,0.585934228
7.95E-01,4.35E-01,4.50E-01,1.81E-01,0.549884583
7.96E-01,4.47E-01,4.27E-01,1.82E-01,0.568531692
7.96E-01,4.41E-01,4.26E-01,1.86E-01,0.56286575
7.96E-01,4.47E-01,4.53E-01,1.90E-01,0.570013002
7.97E-01,4.48E-01,4.63E-01,1.99E-01,0.552042419
7.97E-01,4.57E-01,4.64E-01,2.07E-01,0.599028201
7.97E-01,4.61E-01,4.58E-01,2.16E-01,0.557203516
7.98E-01,4.59E-01,4.55E-01,2.19E-01,0.56897318
7.98E-01,4.64E-01,4.52E-01,2.15E-01,0.580841896
7.99E-01,4.71E-01,4.50E-01,2.09E-01,0.55762986
7.99E-01,4.50E-01,4.50E-01,2.05E-01,0.570284045
7.99E-01,4.40E-01,4.46E-01,1.83E-01,0.552030365
8.00E-01,4.42E-01,4.44E-01,1.66E-01,0.57813842
8.00E-01,4.45E-01,4.32E-01,1.58E-01,0.567103076
8.00E-01,4.30E-01,3.98E-01,1.54E-01,0.595981517
8.01E-01,4.24E-01,3.61E-01,1.55E-01,0.575585609
8.01E-01,4.22E-01,3.15E-01,1.58E-01,0.569973288
8.01E-01,4.23E-01,3.94E-01,1.61E-01,0.598904115
8.02E-01,4.49E-01,4.65E-01,1.72E-01,0.549614776
8.02E-01,4.57E-01,4.69E-01,1.93E-01,0.55211721
8.02E-01,4.70E-01,4.61E-01,2.22E-01,0.568415023
8.03E-01,4.74E-01,4.56E-01,2.43E-01,0.569859092
8.03E-01,4.88E-01,4.53E-01,2.55E-01,0.57383851
8.03E-01,4.96E-01,4.50E-01,2.65E-01,0.540069241
8.04E-01,4.97E-01,4.45E-01,2.66E-01,0.532270497
8.04E-01,4.90E-01,4.44E-01,2.57E-01,0.571441309
8.04E-01,4.82E-01,4.45E-01,2.44E-01,0.533841897
8.05E-01,4.76E-01,4.42E-01,2.29E-01,0.575671836
8.05E-01,4.53E-01,4.33E-01,2.19E-01,0.528148912
8.05E-01,4.59E-01,3.99E-01,2.05E-01,0.540153614
8.06E-01,4.45E-01,3.69E-01,1.93E-01,0.547489082
8.06E-01,4.56E-01,3.83E-01,1.90E-01,0.549399054
8.07E-01,4.62E-01,4.44E-01,1.81E-01,0.559571975
8.07E-01,4.62E-01,4.60E-01,1.91E-01,0.569888298
8.07E-01,4.79E-01,4.55E-01,2.00E-01,0.595993879
8.08E-01,4.90E-01,4.49E-01,2.06E-01,0.546571646
8.08E-01,4.83E-01,4.45E-01,2.02E-01,0.581738161
8.08E-01,4.86E-01,4.41E-01,1.92E-01,0.596844559
8.09E-01,4.76E-01,4.39E-01,1.82E-01,0.619218895
8.09E-01,4.66E-01,4.35E-01,1.65E-01,0.569132035
8.09E-01,4.63E-01,4.33E-01,1.52E-01,0.560593717
8.10E-01,4.47E-01,4.31E-01,1.29E-01,0.561319846
8.10E-01,4.39E-01,4.30E-01,1.25E-01,0.543452025
8.10E-01,4.36E-01,4.30E-01,1.27E-01,0.543250829
8.11E-01,4.53E-01,4.27E-01,1.26E-01,0.568175967
8.11E-01,4.43E-01,4.22E-01,1.23E-01,0.562771333
8.11E-01,4.37E-01,4.20E-01,1.15E-01,0.565914906
8.12E-01,4.28E-01,4.19E-01,1.09E-01,0.554534809
8.12E-01,4.17E-01,4.13E-01,9.75E-02,0.554770465
8.12E-01,4.12E-01,3.51E-01,9.19E-02,0.532247317
8.13E-01,4.03E-01,2.81E-01,8.42E-02,0.583438129
8.13E-01,3.94E-01,2.48E-01,8.43E-02,0.555575867
8.13E-01,3.98E-01,2.23E-01,8.39E-02,0.53623987
8.14E-01,4.12E-01,3.43E-01,7.88E-02,0.517338098
8.14E-01,4.21E-01,4.43E-01,7.99E-02,0.520021949
8.15E-01,4.32E-01,4.74E-01,8.75E-02,0.508910268
8.15E-01,4.46E-01,4.66E-01,1.06E-01,0.534977218
8.15E-01,4.55E-01,4.54E-01,1.22E-01,0.507212772
8.16E-01,4.52E-01,4.45E-01,1.19E-01,0.536315898
8.16E-01,4.46E-01,4.35E-01,1.13E-01,0.573442144
8.16E-01,4.55E-01,4.30E-01,1.05E-01,0.537292209
8.17E-01,4.46E-01,4.26E-01,9.17E-02,0.535925096
8.17E-01,4.26E-01,4.20E-01,7.91E-02,0.529329665
8.17E-01,4.15E-01,4.14E-01,7.33E-02,0.506202002
8.18E-01,4.13E-01,4.11E-01,5.98E-02,0.503200903
8.18E-01,3.88E-01,4.09E-01,5.22E-02,0.523108347
8.18E-01,4.04E-01,3.96E-01,4.98E-02,0.517664153
8.19E-01,3.89E-01,3.52E-01,3.82E-02,0.48271166
8.19E-01,3.96E-01,3.14E-01,4.42E-02,0.520357431
8.19E-01,3.92E-01,4.00E-01,4.81E-02,0.530751172
8.20E-01,4.10E-01,4.21E-01,6.05E-02,0.496735431
8.20E-01,4.22E-01,4.22E-01,7.23E-02,0.521910442
8.20E-01,4.33E-01,4.19E-01,7.24E-02,0.467805686
8.21E-01,4.26E-01,4.16E-01,5.89E-02,0.52988844
8.21E-01,4.30E-01,4.12E-01,6.60E-02,0.442868185
8.21E-01,4.31E-01,4.07E-01,6.53E-02,0.54921362
8.22E-01,4.19E-01,4.08E-01,6.34E-02,0.523410141
8.22E-01,4.15E-01,4.08E-01,5.81E-02,0.504500952
8.23E-01,4.05E-01,4.06E-01,5.27E-02,0.471813537
8.23E-01,4.12E-01,4.04E-01,4.90E-02,0.51508909
8.23E-01,4.00E-01,3.54E-01,4.40E-02,0.49001035
8.24E-01,3.89E-01,2.20E-01,4.08E-02,0.489412016
8.24E-01,3.83E-01,2.18E-01,3.21E-02,0.513494974
8.24E-01,4.14E-01,3.61E-01,4.19E-02,0.450138906
8.25E-01,4.25E-01,4.43E-01,6.43E-02,0.499162301
8.25E-01,4.33E-01,4.48E-01,9.66E-02,0.562081517
8.25E-01,4.55E-01,4.40E-01,1.23E-01,0.493427903
8.26E-01,4.76E-01,4.31E-01,1.32E-01,0.484285378
8.26E-01,4.75E-01,4.26E-01,1.39E-01,0.459430241
8.26E-01,4.82E-01,4.21E-01,1.46E-01,0.490121611
8.27E-01,4.73E-01,4.19E-01,1.50E-01,0.486820418
8.27E-01,4.72E-01,4.16E-01,1.49E-01,0.464727942
8.27E-01,4.76E-01,4.13E-01,1.53E-01,0.485147029
8.28E-01,4.65E-01,4.10E-01,1.59E-01,0.487168726
8.28E-01,4.59E-01,3.86E-01,1.60E-01,0.505930649
8.28E-01,4.54E-01,3.06E-01,1.63E-01,0.485452069
8.29E-01,4.51E-01,2.14E-01,1.67E-01,0.470902901
8.29E-01,4.65E-01,1.90E-01,1.72E-01,0.50303973
8.29E-01,4.69E-01,3.23E-01,1.76E-01,0.49555916
8.30E-01,4.81E-01,4.33E-01,1.94E-01,0.503670207
8.30E-01,5.02E-01,4.58E-01,2.30E-01,0.518421961
8.30E-01,5.15E-01,4.48E-01,2.61E-01,0.504611131
8.31E-01,5.28E-01,4.36E-01,2.72E-01,0.546678116
8.31E-01,5.25E-01,4.27E-01,2.73E-01,0.518052329
8.32E-01,5.29E-01,4.22E-01,2.85E-01,0.567359284
8.32E-01,5.51E-01,4.17E-01,2.96E-01,0.505561326
8.32E-01,5.53E-01,4.22E-01,3.01E-01,0.512710124
8.33E-01,5.63E-01,4.21E-01,3.00E-01,0.568710327
8.33E-01,5.71E-01,4.21E-01,2.94E-01,0.517341343
8.33E-01,5.69E-01,4.21E-01,2.91E-01,0.539399824
8.34E-01,5.70E-01,4.18E-01,2.89E-01,0.524123136
8.34E-01,5.82E-01,4.16E-01,2.97E-01,0.560409983
8.34E-01,5.84E-01,4.14E-01,3.01E-01,0.560491574
8.35E-01,5.81E-01,4.11E-01,2.91E-01,0.620622014
8.35E-01,5.74E-01,4.04E-01,2.77E-01,0.580912825
8.35E-01,5.65E-01,4.02E-01,2.75E-01,0.599907623
8.36E-01,5.78E-01,3.86E-01,2.65E-01,0.575272071
8.36E-01,5.56E-01,3.70E-01,2.62E-01,0.56918133
8.36E-01,5.42E-01,3.63E-01,2.57E-01,0.589403239
8.37E-01,5.34E-01,2.86E-01,2.43E-01,0.581506369
8.37E-01,5.22E-01,1.79E-01,2.31E-01,0.594546875
8.37E-01,5.22E-01,1.73E-01,2.20E-01,0.570692309
8.38E-01,5.24E-01,2.78E-01,2.16E-01,0.591551649
8.38E-01,5.30E-01,3.97E-01,2.20E-01,0.607916063
8.38E-01,5.31E-01,4.60E-01,2.21E-01,0.570351574
8.39E-01,5.21E-01,4.76E-01,2.12E-01,0.582738424
8.39E-01,5.17E-01,4.67E-01,2.11E-01,0.566031112
8.40E-01,5.26E-01,4.54E-01,2.05E-01,0.56476336
8.40E-01,5.05E-01,4.42E-01,1.97E-01,0.530243392
8.40E-01,4.83E-01,4.34E-01,1.81E-01,0.589470304
8.41E-01,4.77E-01,4.26E-01,1.67E-01,0.556577676
8.41E-01,4.60E-01,4.21E-01,1.57E-01,0.55405438
8.41E-01,4.41E-01,4.10E-01,1.47E-01,0.596360267
8.42E-01,4.36E-01,3.37E-01,1.39E-01,0.542766536
8.42E-01,4.25E-01,3.08E-01,1.27E-01,0.549721555
8.42E-01,4.21E-01,3.32E-01,1.32E-01,0.57703385
8.43E-01,4.22E-01,3.80E-01,1.38E-01,0.554936274
8.43E-01,4.25E-01,4.30E-01,1.34E-01,0.59145955
8.43E-01,4.26E-01,4.40E-01,1.44E-01,0.568831168
8.44E-01,4.33E-01,4.34E-01,1.56E-01,0.597659697
8.44E-01,4.29E-01,4.24E-01,1.66E-01,0.548572481
8.44E-01,4.35E-01,4.14E-01,1.76E-01,0.540960562
8.45E-01,4.41E-01,4.10E-01,1.80E-01,0.508723598
8.45E-01,4.36E-01,4.04E-01,1.84E-01,0.543865852
8.45E-01,4.25E-01,4.02E-01,1.87E-01,0.558347491
8.46E-01,4.21E-01,4.00E-01,1.85E-01,0.525863436
8.46E-01,4.22E-01,3.96E-01,1.86E-01,0.558916001
8.46E-01,4.03E-01,3.88E-01,1.85E-01,0.517693977
8.47E-01,3.96E-01,3.61E-01,1.92E-01,0.584373181
8.47E-01,3.90E-01,3.01E-01,2.01E-01,0.590274779
8.48E-01,3.93E-01,3.66E-01,2.08E-01,0.532808874
8.48E-01,4.02E-01,4.18E-01,2.20E-01,0.523922094
8.48E-01,4.22E-01,4.18E-01,2.45E-01,0.540731087
8.49E-01,4.24E-01,4.07E-01,2.75E-01,0.574925927
8.49E-01,4.46E-01,4.00E-01,3.03E-01,0.579034685
8.49E-01,4.61E-01,3.90E-01,3.24E-01,0.59930048
8.50E-01,4.66E-01,3.84E-01,3.33E-01,0.533251598
8.50E-01,4.64E-01,3.83E-01,3.42E-01,0.565536466
8.50E-01,4.74E-01,3.81E-01,3.42E-01,0.573545678
8.51E-01,4.56E-01,3.78E-01,3.48E-01,0.563072818
8.51E-01,4.46E-01,3.76E-01,3.58E-01,0.594157617
8.51E-01,4.36E-01,3.60E-01,3.67E-01,0.571738004
8.52E-01,4.32E-01,3.28E-01,3.75E-01,0.585584376
8.52E-01,4.23E-01,2.84E-01,3.76E-01,0.654679015
8.52E-01,4.20E-01,2.94E-01,3.76E-01,0.563533467
8.53E-01,4.26E-01,3.60E-01,3.75E-01,0.6413908
8.53E-01,4.39E-01,3.86E-01,3.88E-01,0.634338273
8.53E-01,4.48E-01,3.85E-01,3.94E-01,0.619591927
8.54E-01,4.54E-01,3.80E-01,4.07E-01,0.614504849
8.54E-01,4.66E-01,3.73E-01,4.16E-01,0.654510579
8.54E-01,4.54E-01,3.68E-01,4.16E-01,0.663890459
8.55E-01,4.61E-01,3.65E-01,4.11E-01,0.672122965
8.55E-01,4.42E-01,3.62E-01,4.06E-01,0.690277901
8.56E-01,4.40E-01,3.61E-01,4.05E-01,0.684224092
8.56E-01,4.34E-01,3.58E-01,3.91E-01,0.676890942
8.56E-01,4.32E-01,3.55E-01,3.86E-01,0.712849416
8.57E-01,4.25E-01,3.00E-01,3.81E-01,0.696989074
8.57E-01,4.16E-01,2.03E-01,3.70E-01,0.70325505
8.57E-01,4.03E-01,1.81E-01,3.77E-01,0.684777922
8.58E-01,4.16E-01,3.19E-01,3.75E-01,0.67646228
8.58E-01,4.45E-01,3.92E-01,4.00E-01,0.666330928
8.58E-01,4.56E-01,3.95E-01,4.25E-01,0.662223869
8.59E-01,4.66E-01,3.82E-01,4.33E-01,0.692543134
8.59E-01,4.55E-01,3.73E-01,4.29E-01,0.687847013
8.59E-01,4.69E-01,3.68E-01,4.36E-01,0.728755808
8.60E-01,4.85E-01,3.63E-01,4.33E-01,0.713826654
8.60E-01,4.86E-01,3.62E-01,4.38E-01,0.705320787
8.60E-01,4.89E-01,3.63E-01,4.41E-01,0.71832467
8.61E-01,4.80E-01,3.58E-01,4.38E-01,0.720690656
8.61E-01,4.87E-01,3.55E-01,4.40E-01,0.684509506
8.61E-01,4.70E-01,3.53E-01,4.31E-01,0.667266134
8.62E-01,4.55E-01,3.51E-01,4.27E-01,0.669172089
8.62E-01,4.54E-01,3.26E-01,4.34E-01,0.676806261
8.62E-01,4.35E-01,2.63E-01,4.47E-01,0.70309125
8.63E-01,4.31E-01,2.58E-01,4.55E-01,0.678956525
8.63E-01,4.59E-01,3.66E-01,4.68E-01,0.683022788
8.63E-01,4.54E-01,3.86E-01,4.93E-01,0.702537265
8.64E-01,4.74E-01,3.79E-01,5.29E-01,0.689796545
8.64E-01,4.78E-01,3.69E-01,5.57E-01,0.703828196
8.65E-01,4.91E-01,3.64E-01,5.80E-01,0.67974292
8.65E-01,4.86E-01,3.60E-01,5.93E-01,0.673865429
8.65E-01,4.76E-01,3.55E-01,6.01E-01,0.713045976
8.66E-01,4.70E-01,3.51E-01,6.06E-01,0.732282612
8.66E-01,4.60E-01,3.52E-01,6.22E-01,0.647719515
8.66E-01,4.55E-01,3.51E-01,6.36E-01,0.700553583
8.67E-01,4.47E-01,3.50E-01,6.41E-01,0.699570009
8.67E-01,4.45E-01,3.48E-01,6.47E-01,0.717899253
8.67E-01,4.45E-01,3.48E-01,6.47E-01,0.796984778
8.67E-01,4.40E-01,3.45E-01,6.45E-01,0.694727704
8.68E-01,4.46E-01,3.37E-01,6.51E-01,0.767866508
8.68E-01,4.26E-01,3.06E-01,6.56E-01,0.753937927
8.68E-01,4.29E-01,3.13E-01,6.59E-01,0.727009635
8.69E-01,4.42E-01,3.38E-01,6.58E-01,0.817177945
8.69E-01,4.42E-01,3.46E-01,6.63E-01,0.790295394
8.69E-01,4.50E-01,3.45E-01,6.65E-01,0.782357882
8.70E-01,4.59E-01,3.45E-01,6.70E-01,0.836613922
8.70E-01,4.79E-01,3.43E-01,6.71E-01,0.857209945
8.70E-01,4.82E-01,3.40E-01,6.63E-01,0.859339502
8.71E-01,4.86E-01,3.36E-01,6.52E-01,0.860510364
8.71E-01,4.75E-01,3.31E-01,6.39E-01,0.87629097
8.71E-01,4.66E-01,3.31E-01,6.30E-01,0.879840799
8.72E-01,4.68E-01,3.31E-01,6.25E-01,0.919661558
8.72E-01,4.69E-01,3.04E-01,6.27E-01,0.909969376
8.73E-01,4.73E-01,2.06E-01,6.39E-01,0.929535002
8.73E-01,4.77E-01,1.24E-01,6.51E-01,0.902895215
8.73E-01,4.81E-01,1.43E-01,6.57E-01,0.899058736
8.74E-01,5.07E-01,2.86E-01,6.56E-01,0.870896071
8.74E-01,5.43E-01,3.70E-01,6.61E-01,0.896090089
8.74E-01,5.55E-01,3.71E-01,6.73E-01,0.894675999
8.75E-01,5.80E-01,3.60E-01,6.89E-01,0.901089395
8.75E-01,5.97E-01,3.54E-01,7.03E-01,0.878852743
8.75E-01,6.06E-01,3.47E-01,7.13E-01,0.894985828
8.76E-01,6.27E-01,3.43E-01,7.17E-01,0.865229819
8.76E-01,6.27E-01,3.42E-01,7.15E-01,0.894640612
8.76E-01,6.17E-01,3.41E-01,7.10E-01,0.895489282
8.77E-01,6.15E-01,3.37E-01,7.06E-01,0.905029099
8.77E-01,6.09E-01,3.36E-01,6.95E-01,0.866550111
8.77E-01,6.02E-01,3.35E-01,6.80E-01,0.879240146
8.78E-01,6.01E-01,3.34E-01,6.65E-01,0.824329215
8.78E-01,5.84E-01,3.33E-01,6.54E-01,0.841889062
8.78E-01,5.85E-01,3.29E-01,6.46E-01,0.870222326
8.79E-01,5.84E-01,3.25E-01,6.38E-01,0.870672931
8.79E-01,5.76E-01,2.61E-01,6.37E-01,0.845475823
8.79E-01,5.77E-01,1.90E-01,6.23E-01,0.824187358
8.80E-01,5.75E-01,2.26E-01,6.16E-01,0.852053483
8.80E-01,6.00E-01,3.48E-01,6.15E-01,0.805794139
8.81E-01,6.05E-01,3.75E-01,6.16E-01,0.827088012
8.81E-01,6.01E-01,3.64E-01,6.30E-01,0.840258477
8.81E-01,6.27E-01,3.54E-01,6.51E-01,0.779394489
8.82E-01,6.38E-01,3.50E-01,6.61E-01,0.780737497
8.82E-01,6.56E-01,3.48E-01,6.60E-01,0.795651352
8.82E-01,6.59E-01,3.42E-01,6.65E-01,0.828240331
8.83E-01,6.63E-01,3.42E-01,6.64E-01,0.7941362
8.83E-01,6.67E-01,3.42E-01,6.55E-01,0.81303519
8.83E-01,6.70E-01,3.41E-01,6.44E-01,0.834878103
8.84E-01,6.56E-01,3.38E-01,6.28E-01,0.804009335
8.84E-01,6.40E-01,3.36E-01,6.13E-01,0.777539529
8.84E-01,6.37E-01,3.34E-01,5.99E-01,0.797896805
8.85E-01,6.46E-01,3.35E-01,5.95E-01,0.743638139
8.85E-01,6.27E-01,3.33E-01,5.83E-01,0.799954198
8.85E-01,6.23E-01,3.32E-01,5.70E-01,0.791452349
8.86E-01,6.22E-01,3.17E-01,5.63E-01,0.753376834
8.86E-01,6.11E-01,2.39E-01,5.65E-01,0.792501906
8.86E-01,6.07E-01,1.90E-01,5.69E-01,0.727529315
8.87E-01,6.16E-01,2.97E-01,5.63E-01,0.739606645
8.87E-01,6.34E-01,3.85E-01,5.65E-01,0.782472543
8.87E-01,6.34E-01,3.88E-01,5.84E-01,0.789371931
8.88E-01,6.58E-01,3.76E-01,5.96E-01,0.757595771
8.88E-01,6.74E-01,3.66E-01,6.04E-01,0.739860844
8.89E-01,6.77E-01,3.63E-01,5.97E-01,0.736208254
8.89E-01,6.84E-01,3.60E-01,5.90E-01,0.724231986
8.89E-01,6.69E-01,3.58E-01,5.82E-01,0.765795054
8.90E-01,6.48E-01,3.58E-01,5.66E-01,0.7602311
8.90E-01,6.48E-01,3.58E-01,5.49E-01,0.706706753
8.90E-01,6.35E-01,3.55E-01,5.38E-01,0.812239677
8.91E-01,6.23E-01,3.52E-01,5.28E-01,0.708239676
8.91E-01,6.12E-01,3.47E-01,5.17E-01,0.715976764
8.91E-01,6.15E-01,2.97E-01,5.09E-01,0.742909537
8.92E-01,6.01E-01,2.82E-01,4.98E-01,0.740453152
8.92E-01,6.11E-01,3.12E-01,4.93E-01,0.718233807
8.92E-01,6.04E-01,3.53E-01,4.96E-01,0.711042669
8.93E-01,6.18E-01,3.62E-01,4.98E-01,0.685636946
8.93E-01,6.15E-01,3.53E-01,4.95E-01,0.690699918
8.93E-01,6.21E-01,3.47E-01,4.93E-01,0.708747148
8.94E-01,6.28E-01,3.44E-01,4.93E-01,0.687342478
8.94E-01,6.26E-01,3.42E-01,4.93E-01,0.699645573
8.94E-01,6.22E-01,3.39E-01,4.93E-01,0.722142915
8.95E-01,6.19E-01,3.35E-01,4.98E-01,0.695331138
8.95E-01,6.07E-01,3.35E-01,4.94E-01,0.716700266
8.95E-01,6.16E-01,3.33E-01,4.84E-01,0.705949873
8.96E-01,6.01E-01,3.19E-01,4.87E-01,0.669279177
8.96E-01,6.10E-01,2.71E-01,4.88E-01,0.687240025
8.96E-01,5.85E-01,2.42E-01,4.84E-01,0.625348114
8.97E-01,5.91E-01,3.42E-01,4.85E-01,0.626984725
8.97E-01,6.08E-01,3.61E-01,4.94E-01,0.686106249
8.98E-01,6.27E-01,3.56E-01,5.16E-01,0.640123357
8.98E-01,6.47E-01,3.49E-01,5.18E-01,0.658341495
8.98E-01,6.46E-01,3.45E-01,5.06E-01,0.649725295
8.99E-01,6.21E-01,3.44E-01,4.88E-01,0.655645591
8.99E-01,6.13E-01,3.41E-01,4.75E-01,0.673463963
8.99E-01,6.07E-01,3.28E-01,4.61E-01,0.671159789
9.00E-01,5.98E-01,3.29E-01,4.49E-01,0.68273212
9.00E-01,5.95E-01,3.34E-01,4.48E-01,0.632884933
9.00E-01,5.94E-01,3.33E-01,4.49E-01,0.664546124
9.01E-01,5.77E-01,3.31E-01,4.51E-01,0.67042686
9.01E-01,5.82E-01,3.30E-01,4.46E-01,0.67016308
9.01E-01,5.82E-01,3.30E-01,4.43E-01,0.661381843
9.02E-01,5.86E-01,3.31E-01,4.44E-01,0.659118155
9.02E-01,5.83E-01,3.33E-01,4.41E-01,0.681078819
9.02E-01,5.70E-01,3.32E-01,4.46E-01,0.634543333
9.03E-01,5.65E-01,3.31E-01,4.47E-01,0.626680304
9.03E-01,5.68E-01,3.29E-01,4.51E-01,0.630190419
9.03E-01,5.58E-01,3.31E-01,4.49E-01,0.634024117
9.04E-01,5.48E-01,3.30E-01,4.44E-01,0.618433582
9.04E-01,5.43E-01,3.34E-01,4.32E-01,0.625063473
9.04E-01,5.30E-01,3.33E-01,4.16E-01,0.589851062
9.05E-01,5.18E-01,2.88E-01,4.07E-01,0.599555298
9.05E-01,5.12E-01,2.14E-01,4.03E-01,0.612802099
9.06E-01,5.22E-01,1.87E-01,3.98E-01,0.624483682
9.06E-01,5.24E-01,2.85E-01,3.98E-01,0.618695198
9.06E-01,5.24E-01,3.44E-01,4.02E-01,0.676518374
9.07E-01,5.35E-01,3.54E-01,4.10E-01,0.617263646
9.07E-01,5.52E-01,3.51E-01,4.29E-01,0.610335515
9.07E-01,5.68E-01,3.46E-01,4.23E-01,0.605239629
9.08E-01,5.75E-01,3.44E-01,4.15E-01,0.631659985
